id,program,type,title,date,url,summary,authors,topics,series,languages,video_url,duration_min
reboot-blog-28691,Reboot Democracy,blog-post,Project Spotlight: Engaged California — Wildfire Recovery Action Planning,2026-10-05,https://rebootdemocracy.ai/blog/project-spotlight-engaged-california,"After the 2025 Los Angeles wildfires, California's Office of Data and Innovation used Engaged California to gather more than 1,300 resident comments. AI helped turn that input into 19 policy options, which residents then deliberated over and ranked.",Jeffery Marino,AI and Service Delivery; AI and Problem Solving; AI for Governance; AI and Public Safety,,,,
reboot-blog-28694,Reboot Democracy,blog-post,Project Spotlight: Co-Designing an AI Tool with Communities,2026-10-01,https://rebootdemocracy.ai/blog/project-spotlight-co-designing-with-communities,California's AI-EP project made parents co-designers of an AI tool that makes their children's education plans easier to understand. More than 200 families joined the first pilot and came away better able to advocate for their kids. It shows that who you choose to include shapes who the tool serves.,Joanna French,AI Tools; AI for Impact,,,,
reboot-blog-28692,Reboot Democracy,blog-post,The Halitosis of Our Times,2026-09-30,https://rebootdemocracy.ai/blog/the-halitosis-of-our-times,The Hugging Face incident wasn't a rogue AI escaping its sandbox. It was a chain of poor human decisions. We need to stop talking about AI like mythology and start treating it like engineering.,Anirudh Dinesh,Governing AI,,,,
reboot-blog-28689,Reboot Democracy,blog-post,The $170 billion lesson data center developers keep learning the hard way,2026-09-28,https://rebootdemocracy.ai/blog/the-170-billion-lesson-data-center,"Governors from Healey to Shapiro now say data centers need local buy-in, but they haven't said what a community ""yes"" actually looks like.",Dr. Deborah Stine; Beth Simone Noveck,AI and Public Engagement; Governing AI,,,,
reboot-blog-28687,Reboot Democracy,blog-post,"Project Spotlight: What Could BG Be? How Warren County, Kentucky Turned 8,000 Voices into a 25-Year Plan",2026-09-23,https://rebootdemocracy.ai/blog/project-spotlight-bowling-green-kentucky,"Ben Peterson, Executive Director of the City-County Planning Commission of Warren County, Kentucky, on how What Could BG Be? used AI-supported tools to turn input from nearly 8,000 residents into Bowling Green's next 25-year comprehensive plan.",Ben Peterson,,,,,
reboot-blog-28688,Reboot Democracy,blog-post,"InnovateUS Awarded National Leadership Grant to Expand Civic AI Learning Alongside New Jersey, Montana, and Hawai'i State Libraries",2026-09-21,https://rebootdemocracy.ai/blog/civic-ai,"Three-Year Multistate Initiative Will Combine Free Mobile AI Learning with Library-Based Programs Helping Residents Navigate Government, Participate in Civic Life, and Solve Community Problems with AI",Bonnie McGilpin,AI and Public Engagement; AI for Governance; AI and Education,,,,
reboot-blog-28686,Reboot Democracy,blog-post,News That Caught Our Eye: 8 Things Worth Reading Before a Data Center Comes to Your Community,2026-09-17,https://rebootdemocracy.ai/blog/reboot-weekly-data-centers,"As this week's curator of News That Caught Our Eye, I'm sharing the latest resources available to help public officials think through a proposed data center. Every AI data center and every community is different.",Dr. Deborah Stine,News That Caught Our Eye,,,,
reboot-blog-28685,Reboot Democracy,blog-post,Designing Democratic Engagement with AI: A New Course for Turning Public Input into Public Policy,2026-09-15,https://rebootdemocracy.ai/blog/designing-democratic-engagement-a-new-course,"A new free course from the Allen Lab for Democracy Renovation, The GovLab, and InnovateUS teaches public servants how to design AI-enabled public engagement that turns comments into policy, drawing on 42 real-world examples from 20 countries.",Dane Gambrell; Sarah Hubbard,AI and Public Engagement; AI and Problem Solving; AI for Governance,,,,
reboot-blog-28684,Reboot Democracy,blog-post,What Is AI For? Four Questions Guiding Reboot This Fall,2026-09-14,https://rebootdemocracy.ai/blog/four-questions-guiding-reboot,"The public conversation about AI has swung from exuberance to alarm, casting AI as an unstoppable force. That framing overlooks the fact that public institutions design, build, buy, and regulate AI, and societies still choose where it leads.",Beth Simone Noveck; Elana Banin,AI for Governance; Governing AI; AI and Lawmaking; AI and Service Delivery; AI Tools; AI and Public Engagement; AI and Problem Solving; AI Infrastructure; AI and Labor; AI and Education; AI and Elections; AI and Public Safety; AI and Law,,,,
reboot-blog-28682,Reboot Democracy,blog-post,Democracy's Compression Problem,2026-08-25,https://rebootdemocracy.ai/blog/informational-democracy-provocation,"AI is making it possible for governments to listen at a scale that was previously impossible, turning thousands of comments, service interactions and other signals into usable knowledge.",Beth Simone Noveck,AI and Public Engagement; AI for Governance; Governing AI,,,,
reboot-blog-28678,Reboot Democracy,blog-post,Learning to Listen: Why AI-Assisted Public Engagement Is a Skill We Need,2026-08-10,https://rebootdemocracy.ai/blog/learning-to-listen-ai-public-engagement,Two trends are unfolding in parallel around the world. Public anxiety about artificial intelligence is growing while communities’ satisfaction in how they participate in civic activities and contribute to government policy and programs is declining.,Beth Simone Noveck; Nicholas  Biddle; Alex Fischer,AI for Governance; Governing AI; AI and Lawmaking,,,,
reboot-blog-28680,Reboot Democracy,blog-post,"Massachusetts needs to clean up its laws, and AI can help",2026-08-06,https://rebootdemocracy.ai/blog/boston-globe-opinion-ai-outdated-laws,"A Boston Globe editorial argues that Massachusetts should use AI to identify outdated laws, unnecessary reporting requirements, and inefficient regulations, drawing on reforms and pilot programs in other states.",Beth Simone Noveck,AI and Service Delivery; AI and Problem Solving,,,,
reboot-blog-28677,Reboot Democracy,blog-post,AI Is Infrastructure. Govern It Accordingly.,2026-08-03,https://rebootdemocracy.ai/blog/govern-ai-as-infrastructure,"As prediction increasingly shapes decisions about jobs, healthcare, education, and public services, the next frontier is how it organizes society.",Mona  Sloane,AI Infrastructure,,,,
reboot-blog-28676,Reboot Democracy,blog-post,Bummed About AI? Democratic Societies Need Public Participation to Shape It,2026-07-28,https://rebootdemocracy.ai/blog/ai-dispute-resolution,"AI presents real risks, but disengagement leaves its future to others. Drawing on principles of negotiation, mediation, and decision-making, this essay by John Lande, Isidor Loeb Professor Emeritus at the University of Missouri School of Law, argues that democratic societies should approach AI as…",John Lande,AI and Public Engagement; AI and Problem Solving; AI and Lawmaking,,,,
reboot-blog-28679,Reboot Democracy,blog-post,92NY State of America Summit: American Labor at 250,2026-07-28,https://rebootdemocracy.ai/blog/state-of-america-summit-american-labor-at-250,"At 92NY’s State of America Summit, Beth Simone Noveck, Betsey Stevenson, and Allison Pugh discuss AI, the future of American labor, and whether technology will strengthen public voice or erode human connection.",Beth Simone Noveck,AI and Problem Solving,,,,
reboot-blog-28673,Reboot Democracy,blog-post,The real math crisis isn’t the test scores. It’s the test,2026-07-23,https://rebootdemocracy.ai/blog/math-and-ai-crisis,Ted Dintersmith and Beth Simone Noveck argue that America’s high school math curriculum remains rooted in the needs of the 19th century rather than the AI era.,Beth Simone Noveck; Ted Dintersmith,AI and Problem Solving; AI Tools,,,,
reboot-blog-28674,Reboot Democracy,blog-post,Reboot Weekly: Who Does the Reasoning Now?,2026-07-23,https://rebootdemocracy.ai/blog/reboot-weekly,"Across elections, work, and education, AI is performing more of the reasoning people once had to do themselves. But the institutions built for a world where humans did that reasoning haven't caught up. This week, candidates learned how to influence chatbot answers before voters ever reach a website.",Beth Simone Noveck,News That Caught Our Eye,,,,
reboot-blog-28672,Reboot Democracy,blog-post,Information Literacy Is No Longer Just an Individual Skill,2026-07-21,https://rebootdemocracy.ai/blog/information-literacy,"The debate about AI has focused on misinformation and AI slop, but those are only part of the story.",Beth Simone Noveck,AI and Problem Solving; AI for Impact; AI Tools; AI and Education,,,,
reboot-blog-28671,Reboot Democracy,blog-post,Notes from the field: Building UX capacity in City government,2026-07-08,https://rebootdemocracy.ai/blog/building-ux-capacity,"Making government services easier to use doesn’t start with a website redesign. It starts by talking to residents, choosing the right first project, and creating the conditions for UX to succeed. Lessons from U.S.",Cindy  Phan; Keith Wilson,,,,,
reboot-blog-28670,Reboot Democracy,blog-post,Research Radar: AI May Not Start Wars. But It Is Changing What Wars Are Fought Over,2026-07-07,https://rebootdemocracy.ai/blog/future-of-war,"New research from the AI Risk Explorer SPAR project examines how AI is reshaping conflict through cloud infrastructure, commercial technology companies, and the digital systems that now underpin both military operations and democratic governance.",Elana Banin; Emily Parker; Peter Vartanian; Parul Wadhawan; Yan  Zhu; Guillem Bas,,,,,
reboot-blog-28669,Reboot Democracy,blog-post,Mississippi's AI Framework Was the Starting Line,2026-07-06,https://rebootdemocracy.ai/blog/mississippi-ai-framework,"Mississippi has released its statewide AI framework. The harder challenge is turning guidance into practice. Drawing on firsthand experience leading the state’s AI workforce efforts, Dr.",Dr. Kollin Napier,Governing AI; AI and Law,,,,
reboot-blog-28662,Reboot Democracy,blog-post,From AI Adoption to Public Value: InnovateUS Fall 2026 Live Learning Series,2026-06-30,https://rebootdemocracy.ai/blog/innovate-us-fall-2026-live-learning-series,AI adoption in government is accelerating. The next challenge is making sure it creates public value.,Agueda  Quiroga,AI Tools; AI and Public Engagement; Governing AI; AI for Governance; AI Infrastructure; AI and Public Safety; AI and Labor; AI and Law; AI and Service Delivery,,,,
reboot-blog-28661,Reboot Democracy,blog-post,Democracy has a listening problem. These AI tools could actually help,2026-06-25,https://rebootdemocracy.ai/blog/fastcompany-reboot,"This excerpt from Reboot: AI and the Race to Save Democracy was originally published in Fast Company on June 25, 2026.",Beth Simone Noveck,AI for Governance; AI for Impact; AI and Service Delivery; AI and Problem Solving; Governing AI,,,,
reboot-blog-28627,Reboot Democracy,blog-post,"An Open Society Needs an Open Market: The Compute Problem Cities, Regions, and Nations Share",2026-06-24,https://rebootdemocracy.ai/blog/the-compute-problem,"A new report from the Canadian Anti-Monopoly Project argues that cloud sovereignty is about more than building domestic alternatives. It is about ensuring governments, businesses, and public institutions have autonomy and agency.",David Eaves; Curtis McCord,AI for Governance; AI Infrastructure,,,,
reboot-blog-28626,Reboot Democracy,blog-post,Research Radar: In Lobsters We Do Not Trust — The Wrong Path for AI and Democracy Part 2,2026-06-23,https://rebootdemocracy.ai/blog/habermolt-part-ii,"In Part II, we examine the project’s core claim that AI agents could represent citizens in democratic deliberation.",José Luis Marti; Beth Simone Noveck,,,,,
reboot-blog-28628,Reboot Democracy,blog-post,From Learning to Doing: An AI Coach for Public Engagement,2026-06-22,https://rebootdemocracy.ai/blog/ai-coach-for-public-engagement,A new AI for Impact-engineered public engagement coach is helping public servants turn what they learned about engagement into practical action.,Manan Gangwani; Kushal Pendekanti; Cevdet  Batuhan Isik,AI Tools; AI for Governance,,,,
reboot-blog-28622,Reboot Democracy,blog-post,Training Future Leaders to Shape AI in the Public-Interest: Insights from the Barcelona Public-Interest AI Accelerator,2026-06-17,https://rebootdemocracy.ai/blog/public-interest-ai-accelerator,A new accelerator in Barcelona is exploring what it takes to prepare future leaders to navigate the emerging field of public-interest AI.,Patricia Mangeol; Sunnie Gong; Rodrigo  Cetina-Presuel; Júlia Devin Altès,AI and Public Engagement; AI for Governance,,,,
reboot-blog-28624,Reboot Democracy,blog-post,How technology can help save democracy | The TechTank Podcast,2026-06-16,https://rebootdemocracy.ai/blog/techtank-podcast,"Beth Simone Noveck recently appeared on the Brookings TechTank podcast to discuss her forthcoming book, Reboot: AI and the Race to Save Democracy (Yale University Press), arguing that AI offers powerful opportunities to strengthen democratic institutions and making the case for a ""possibilist""…",,,,,,
reboot-blog-28625,Reboot Democracy,blog-post,Research Radar: In Lobsters We Do Not Trust — The Wrong Path for AI and Democracy Part 1,2026-06-16,https://rebootdemocracy.ai/blog/habermolt,"Beth Simone Noveck and José Marti critique Habermolt, an experimental project that uses AI agents to deliberate and vote on behalf of people. They argue that the project reflects a longstanding strain of democratic theory that views public participation as a problem rather than a resource.",Beth Simone Noveck; José Luis Marti,,,,,
reboot-blog-28621,Reboot Democracy,blog-post,The Future of AI Runs Through Families: A conversation with Anya Kamenetz,2026-06-15,https://rebootdemocracy.ai/blog/ai-families-anya-kamenetz,What happens when the people working closest to families are forced to confront AI?,Elana Banin,AI and Public Engagement; AI and Problem Solving; AI for Impact,,,,
reboot-blog-28623,Reboot Democracy,blog-post,The Herald: Pretending AI is not in schools could pose the biggest risk,2026-06-15,https://rebootdemocracy.ai/blog/theherald-ai-in-schools,"Beth Simone Noveck spoke to The Herald (Scotland) about the role of AI in education and the need for decision-makers to engage with the technology rather than fear it, ahead of her talk at the Edinburgh Futures Institute's Civic University – Democracy, AI, and the Public Imagination.""",,,,,,
reboot-blog-28620,Reboot Democracy,blog-post,The World Cup Is Here. So is VAR. Here's What That Mess Can Teach Us About A.I.,2026-06-10,https://rebootdemocracy.ai/blog/world-cup-var-ai-lessons,"Billions of people are about to watch the World Cup. And millions of them will spend part of it furious, not at the teams, but at football's most contentious technology: the Video Assistant Referee.",Anirudh Dinesh,AI Tools; AI and Problem Solving,,,,
reboot-blog-28617,Reboot Democracy,blog-post,Turning 20 Years of Community Board Data Into Searchable Public Knowledge,2026-06-09,https://rebootdemocracy.ai/blog/block-party,"Local government generates enormous amounts of public knowledge, but much of it remains buried in disconnected PDFs and difficult-to-navigate archives.",Sarah Sachs; Tal  Roded,AI Tools; AI and Public Engagement; AI and Problem Solving,,,,
reboot-blog-28618,Reboot Democracy,blog-post,Beth Simone Noveck on Cool Science Radio : AI and the Race to Save Democracy,2026-06-08,https://rebootdemocracy.ai/blog/cool-science-radio,"In this interview with Cool Science Radio, Beth Simone Noveck discusses the central argument of her new book, Reboot: AI and the Race to Save Democracy, that AI is not simply a threat to democracy but a tool that can help make governments more effective, responsive, and participatory.",Beth Simone Noveck,,,,,
reboot-blog-28619,Reboot Democracy,blog-post,"Civic University – Democracy, AI, and the Public Imagination",2026-06-08,https://rebootdemocracy.ai/blog/edinburgh-civic-university,"As AI transforms how we work, learn, and govern, what role should universities play? In this wide-ranging conversation, Beth Noveck argues that universities should become laboratories for democratic problem-solving, where students work with communities to address public challenges.",Beth Simone Noveck,AI and Problem Solving; AI for Governance; AI and Education,,,,
reboot-blog-28615,Reboot Democracy,blog-post,From digital to AI-enabled government: Kazakhstan's next frontier,2026-06-03,https://rebootdemocracy.ai/blog/kazakhstans-next-frontier,"Kazakhstan built one of the world’s most advanced digital governments in less than two decades. Now the country is racing into the next phase: AI-enabled governance, sovereign AI infrastructure, and nationwide AI deployment.",Gulnaz Kordanova,AI for Governance; AI and Education; AI and Public Engagement; AI and Service Delivery,,,,
reboot-blog-28614,Reboot Democracy,blog-post,Research Radar: 10 Things Public Officials Should Know About AI Data Centers,2026-06-02,https://rebootdemocracy.ai/blog/10-things-about-ai-data-centers,AI data centers are arriving in communities long before most public institutions have figured out how to govern them.,Dr. Deborah Stine,AI Infrastructure; Governing AI; AI and Service Delivery,,,,
reboot-blog-28616,Reboot Democracy,blog-post,"The Scotsman: Scotland uniquely able to redefine the purpose of universities, Obama advisor claims",2026-06-02,https://rebootdemocracy.ai/blog/scotsman-universities,"Ahead of a timely conversation around the civic role of the university in an age of democratic uncertainty and rapid technological change, Beth Simone Noveck spoke to the Scotsman about how Scotland's universities are uniquely place to reinvent the purpose of higher education.",Beth Simone Noveck,AI and Education,,,,
reboot-blog-28613,Reboot Democracy,blog-post,"Leadership is About Setting Goals, Supporting the Team, and Getting Out of the Way",2026-06-01,https://rebootdemocracy.ai/blog/foundations-of-leadership,Public servants are asking for leadership training at the same moment AI is reshaping government work.,Anita McGahan,,,,,
reboot-blog-28612,Reboot Democracy,blog-post,"Bellagio: Five Days, 16 Members of Congress, and an Unusually Honest Conversation About AI",2026-05-27,https://rebootdemocracy.ai/blog/bellagio-conversations-on-ai-and-global-power,"Mariana Becerra of the Eleanor Crook Foundation went to the Rockefeller Foundation’s Bellagio Center expecting a conversation about AI and geopolitical competition with bipartisan, bicameral members of Congress.",Mariana Becerra,AI Tools; AI and Problem Solving; AI and International Relations (IR),,,,
reboot-blog-28611,Reboot Democracy,blog-post,Research Radar: The Six-Word Problem: Will Voice Improve How We Research the Impacts of AI?,2026-05-26,https://rebootdemocracy.ai/blog/public-voice-tool,"AI for Impact Fellows Sai Punith Kolla and Swaapnika Chowdary Cherukuru built Public Voice, a lightweight voice-based feedback tool designed to capture concrete examples of how learners apply AI in practice.",Sai Punith  Kolla; Swaapnika Chowdary Cherukuru,AI for Impact; AI and Public Engagement; AI and Problem Solving,,,,
reboot-blog-28610,Reboot Democracy,blog-post,Why Effective AI Governance Depends on Strong Justice Systems,2026-05-25,https://rebootdemocracy.ai/blog/ai-governance-justice-systems,"As governments rush to regulate AI, many governance frameworks still overlook what happens when people are harmed. This piece argues that AI governance will be tested by legal systems already struggling to deliver equal access to justice.",Nate Edwards,AI and Lawmaking; AI and Public Safety; AI and Public Engagement,,,,
reboot-blog-28609,Reboot Democracy,blog-post,Mandatory Reporting vs. Substantive Oversight: Examining AI Ethics in the Turkish School System,2026-05-20,https://rebootdemocracy.ai/blog/ai-ethics-turkish-school-system,"As governments search for ways to operationalize AI ethics inside public institutions, Türkiye’s new YAZEK system offers an early example of what procedural AI governance can look like in practice.",Elif  Davutoglu,AI and Education,,,,
reboot-blog-28604,Reboot Democracy,blog-post,The Reports Nobody Reads: How San Francisco Used AI to Declutter Its Municipal Code,2026-05-19,https://rebootdemocracy.ai/blog/sf-ai-regulatory-decluttering,"In a new piece for the Rethinking Regulation series, Dane Gambrell examines how San Francisco used a custom AI tool developed with Stanford’s RegLab to scan 16 million words of municipal code and identify hundreds of outdated and duplicative reporting requirements across city government.",Dane Gambrell,Research Radar; AI for Governance; AI and Problem Solving; AI and Lawmaking,,,,
reboot-blog-28608,Reboot Democracy,blog-post,The Future We Build: Hope and Public Service at Code for America Summit,2026-05-18,https://rebootdemocracy.ai/blog/code-for-america-summit,"A reflection from Rob Asaro-Angelo, Senior Fellow at the Burnes Center, from the 2026 Code for America Summit on why optimism in government depends on implementation.",Robert Asaro-Angelo,AI and Problem Solving; AI Tools; AI and Service Delivery,,,,
reboot-blog-28607,Reboot Democracy,blog-post,AI Can Help Our Leaders Be Better,2026-05-14,https://rebootdemocracy.ai/blog/the-times-scottish-edition,"In an article originally published in The Times (Scottish Edition), Beth Simone Noveck argues that AI’s most important democratic use is helping governments listen.",Beth Simone Noveck,AI and Public Engagement; Governing AI; AI and Service Delivery; AI and Problem Solving,,,,
reboot-blog-28606,Reboot Democracy,blog-post,Zero-Click Government: Omakase or Loss of Agency?,2026-05-13,https://rebootdemocracy.ai/blog/zero-click-government-response,"In the afterword to Gustavo Maia’s forthcoming book Zero-Click Government, Beth Simone Noveck explores the democratic risks and possibilities of anticipatory governance.",Beth Simone Noveck,Governing AI; AI for Governance; AI and Problem Solving; AI and Public Engagement; AI and Lawmaking in Brazil,,,,
reboot-blog-28605,Reboot Democracy,blog-post,AI Doesn’t Understand Kichwa: Ecuador’s Case for Inclusive AI Governance in the Justice System,2026-05-12,https://rebootdemocracy.ai/blog/ai-kichwa-inclusive-governance-ecuador,"In a new piece for Reboot Democracy, Rodrigo Cetina-Presuel, Marco Tello, and Jose M. Martinez-Sierra examine how Ecuador’s judiciary responded to the rapid arrival of AI by building a participatory governance process rooted in the country’s institutional and cultural realities.",Rodrigo  Cetina-Presuel; Jose M.  Martinez-Sierra; Marco Tello,AI and Public Engagement; AI and Lawmaking; AI and Law,,,,
reboot-blog-28603,Reboot Democracy,blog-post,The Capitol Wire & Building Congressional Intelligence for Everyone,2026-05-11,https://rebootdemocracy.ai/blog/the-capitol-wire,"Congressional information has long been technically public but practically inaccessible, scattered across government sites and locked behind expensive subscription platforms. In response, Zach Florman, Communications Director for Rep. Laura Friedman, created the Capitol Wire tool.",Zachary Florman,AI Tools; AI and Public Engagement; AI and Problem Solving; AI and Lawmaking,,,,
reboot-blog-28601,Reboot Democracy,blog-post,Progress on Global AI Governance: The CAIDP AI Index and Implications for the Public Sector,2026-05-06,https://rebootdemocracy.ai/blog/caidp-ai-index,"The 2026 CAIDP AI Index, ranking AI policy commitments across 90 countries, shows that while most governments now agree on core governance principles, the real divide lies in implementation.",April Yoder; Grace  Thomson,AI and Lawmaking; Governing AI; AI and International Relations (IR),,,,
reboot-blog-28602,Reboot Democracy,blog-post,Research Radar: AI as a Multiplier for Evidence-Informed Policy,2026-05-05,https://rebootdemocracy.ai/blog/who-ai-evidence-policy,A new WHO discussion paper explores how AI can accelerate research synthesis and keep evidence continuously up to date.,Elana Banin,Research Radar; AI and Service Delivery; AI and Problem Solving; AI and International Relations (IR),,,,
reboot-blog-28600,Reboot Democracy,blog-post,Who Gets to Define the AI Debate? A Youth Perspective,2026-05-04,https://rebootdemocracy.ai/blog/the-ai-debate-youth-perspective,"A high school journalist reflects on who is shaping the public conversation about AI. While headlines focus on risk and disruption, everyday uses of AI are already helping families access benefits, students learn, and cities deliver services.",Amedeo Bettauer,AI and Public Engagement; AI and Problem Solving; AI and Education,,,,
reboot-blog-28599,Reboot Democracy,blog-post,Governing with Others: The Basque Country Turns Collaboration into Rule of Law,2026-04-29,https://rebootdemocracy.ai/blog/basque-collaboration-law,"As the Basque Government moves to pass a new Transparency Law this May, it is redefining what transparency means. No longer just about access to information, the law embeds collaborative governance into its core, requiring that decision-making processes be open, traceable, and shaped with others.",Xabier Barandiaran,AI and Law; AI and Lawmaking,,,,
reboot-blog-28598,Reboot Democracy,blog-post,Rethinking Regulation: How Virginia Used AI to Streamline Its Regulatory Code,2026-04-28,https://rebootdemocracy.ai/blog/ai-regulation-case-study-virginia,"A new entry in our Rethinking Regulation series, this in-depth case study by Dane Gambrell includes an interview with Reeve Bull, who led the state’s regulatory modernization effort.",Dane Gambrell,Research Radar; AI for Governance; AI and Service Delivery; AI and Problem Solving,,,,
reboot-blog-28597,Reboot Democracy,blog-post,"Before you engage, listen: a framework for citizen participation across the policy cycle",2026-04-27,https://rebootdemocracy.ai/blog/citizen-participation-framework,"A mayor presents a plan, residents push back, and everyone leaves frustrated, not because people weren’t heard, but because listening and engagement happened at the wrong moment.",Wietse Van Ransbeeck,AI and Public Engagement; AI and Problem Solving; AI Tools,,,,
reboot-blog-28596,Reboot Democracy,blog-post,A Dozen Interns on Cocaine: What One of the Longest-Running Civic Tech Projects Reveals About AI in Government,2026-04-22,https://rebootdemocracy.ai/blog/computational-law-ai-government,What happens when governments rely on systems that sound right instead of being right?,Beth Simone Noveck,AI and Lawmaking; AI for Governance; AI Tools; AI Infrastructure,,,,
reboot-blog-28594,Reboot Democracy,blog-post,How we used AI to lift the voices of California state employees,2026-04-21,https://rebootdemocracy.ai/blog/lifting-public-sector-voices,"Using AI to analyze over 2,400 employee comments, California’s Engaged California team found that the challenge wasn’t the scale of the data, but making sense of complex, layered input without oversimplifying it.",Summer Mothwood,AI Tools; AI and Problem Solving; AI Infrastructure,,,,
reboot-blog-28595,Reboot Democracy,blog-post,What AI Governance Documents Actually Cover and What They Don’t,2026-04-20,https://rebootdemocracy.ai/blog/what-ai-governance-documents-cover,"AI governance is expanding fast, but not evenly. A new analysis from MIT and Georgetown’s CSET maps over 1,000 governance documents to show that while policies are proliferating, they cluster around familiar risks and sectors, leaving key gaps across socioeconomic impacts, upstream design, and…",Yan  Zhu,AI and Lawmaking,,,,
reboot-blog-28593,Reboot Democracy,blog-post,But Grok Said So! How AI is Enabling Political Polarization,2026-04-15,https://rebootdemocracy.ai/blog/ai-political-polarization-grok,"Across contexts like India, where author Anirudh Dinesh’s family lives, AI chatbots such as xAI’s Grok are increasingly used not to inform but to generate arguments that reinforce existing political views, creating “generative echo chambers.” Unlike passive social media exposure, users actively…",Anirudh Dinesh,AI for Governance; AI and Public Safety,,,,
reboot-blog-28592,Reboot Democracy,blog-post,What Good AI In Government Actually Looks Like,2026-04-14,https://rebootdemocracy.ai/blog/grantwell-what-good-ai-in-government-actually-looks-like,"More than $1 trillion in federal grants flows to communities each year, but complexity keeps much of it out of reach. This piece by Beth Simone Noveck, published by Fast Company, explores how AI can either deepen that gap or help close it.",Beth Simone Noveck,AI and Problem Solving; AI Tools; AI for Governance,,,,
reboot-blog-28590,Reboot Democracy,blog-post,The New Human Resilience Challenges Posed by AI,2026-04-13,https://rebootdemocracy.ai/blog/ai-human-resilience,"In “Building a Human Resilience Infrastructure for the AI Age,” based on insights from 386 global experts, a warning emerges: the greatest risk is not a single catastrophic event, but a slow drift toward diminished human agency, fragmented reality, and growing dependence on automated systems.",Lee Rainie; Janna Anderson,Governing AI; AI and Public Engagement,,,,
reboot-blog-28587,Reboot Democracy,blog-post,Can AI Strengthen Policy Dialogue? Lessons from Building ReguLens,2026-04-08,https://rebootdemocracy.ai/blog/policy-dialogue-regulens-lessons,"Developed by the International Training Centre of the International Labour Organization with and for employer organizations, ReguLens responds to a growing policy bottleneck. The rapid surge in complex, overlapping regulations is outpacing institutional capacity.",Jorge Cesar  Ramirez Mata,AI and Lawmaking; AI for Governance; AI and Problem Solving; Rethinking Regulation,,,,
reboot-blog-28585,Reboot Democracy,blog-post,Research Radar: StatGPT and the Fourth Wave of Open Data,2026-04-07,https://rebootdemocracy.ai/blog/statgpt-fourth-wave-open-data,"Stefaan Verhulst and Adam Zable argue that the biggest challenge in open data is no longer access, but usability, as official statistics remain difficult to find, interpret, and apply.",Dr. Stefaan  Verhulst; Adam Zable,AI and Problem Solving,,,,
reboot-blog-28586,Reboot Democracy,blog-post,Amplifying Public Communication in the AI Era: Highlights from Our Year-Long Intellectual Journey,2026-04-06,https://rebootdemocracy.ai/blog/amplifying-public-communication-ai-era,"This piece by John Wihbey and Jill Abramson distills lessons from the InnovateUS Amplify workshop series, where public-sector communicators grappled with how AI is reshaping their work amid declining public trust.",Jill Abramson; John Wihbey,AI and Problem Solving; AI and Public Engagement,,,,
reboot-blog-28588,Reboot Democracy,blog-post,Governor Hochul Delivers Artificial Intelligence Training Tool to the New York State Workforce,2026-04-06,https://rebootdemocracy.ai/blog/governor-hochul-delivers-artificial-intelligence-training-tool-new-york-state-workforce,"Following the success of a 1,200-person pilot across eight state agencies, New York is scaling InnovateUS' AI training initiative to more than 100,000 state employees, the largest program of its kind in the nation.",,,,,,
reboot-blog-28584,Reboot Democracy,blog-post,Designing Democratic Engagement in the AI Era: Three Hard Choices,2026-04-01,https://rebootdemocracy.ai/blog/designing-democratic-engagement-three-hard-choices,"Designing a one-hour course on democratic engagement and AI means confronting genuinely hard questions about representativeness, political framing, and audience, where thoughtful experts disagree, and every choice involves a real tradeoff.",Beth Simone Noveck,Global AI Watch,,,,
reboot-blog-28583,Reboot Democracy,blog-post,"The Next Frontier: AI, Equity, and the Future of Public Benefits",2026-03-31,https://rebootdemocracy.ai/blog/ai-equity-public-benefits,Millions of Americans miss out on health and food assistance benefits due to fragmented systems and complex enrollment processes.,Timothy Scheinert; Austin Tsai; Ar’Sheill Monsanto; Alister Martin,AI and Service Delivery; AI Tools; AI and Problem Solving; AI for Governance; AI for Impact,,,,
reboot-blog-28582,Reboot Democracy,blog-post,The AI Agents are Here: A Technical Blueprint for Governments,2026-03-30,https://rebootdemocracy.ai/blog/ai-agents-technical-blueprint,"AI agents are reshaping how systems operate across sectors. This piece argues that the imminent challenge to address is autonomy, including how agents act, interact, and scale in open environments.",Sarosh Nagar; David Eaves,AI Infrastructure; AI Tools,,,,
reboot-blog-28580,Reboot Democracy,blog-post,From Access to Opportunity: How Governments Can Build Inclusive AI,2026-03-25,https://rebootdemocracy.ai/blog/from-access-to-opportunity-inclusive-ai,"Growing up in Kakuma refugee camp, Nhial Deng experienced what it means to be excluded from opportunities. Returning years later, he saw young people using AI not as aid, but as a tool to build skills, income, and futures in real time.",Nhial  Deng,AI and Labor; AI and Problem Solving; AI and International Relations (IR),,,,
reboot-blog-28579,Reboot Democracy,blog-post,Reducing Friction in Federal Funding: How Massachusetts Built GrantWell,2026-03-24,https://rebootdemocracy.ai/blog/reducing-friction-federal-funding-grantwell,"Massachusetts municipalities are eligible for an estimated $17.5 billion in federal funding, but accessing it is often harder than securing it.",Anjith Prakash Chathan Kandy,AI and Problem Solving; AI Tools; AI for Governance,,,,
reboot-blog-28581,Reboot Democracy,blog-post,"Healey-Driscoll Administration Launches GrantWell, a First-of-its-Kind AI-Powered Tool to Assist Communities with Applying for Grants",2026-03-24,https://rebootdemocracy.ai/blog/healey-driscoll-launches-grantwell-ai-grant-tool,"The Healey-Driscoll Administration has launched GrantWell, a free AI-powered tool developed with Northeastern University’s Burnes Center for Social Change to help municipalities more easily access and apply for federal and state funding.",Executive Office for Administration and Finance null,AI Tools; AI and Public Engagement; AI and Problem Solving; AI for Governance,,,,
reboot-blog-28578,Reboot Democracy,blog-post,"Finding the ""True Thing"": Lessons in Storytelling, Trust, and Institutional Brand",2026-03-23,https://rebootdemocracy.ai/blog/storytelling-and-trust,"In this post, Eileen Twiggs draws on lessons from the InnovateUS workshop ""Effective Use of Social Media: Storytelling, Trust, and Institutional Brand"" to explore how public servants can move beyond risk-averse messaging to tell more human, compelling stories.",Eileen Twiggs,AI for Governance; AI Tools,,,,
reboot-blog-28577,Reboot Democracy,blog-post,Built Against Its People: Iran’s AI Infrastructure of Control,2026-03-18,https://rebootdemocracy.ai/blog/iran-ai-control,"Dr. Sara Bazoobandi examines how Iran’s doctrine of “knowledge jihad” shaped the development of its digital and AI infrastructure, transforming technology into an instrument of state control.",Sara Bazoobandi,AI and International Relations (IR); AI Infrastructure; AI and Law,,,,
reboot-blog-28575,Reboot Democracy,blog-post,What We Learned from 50 Experts About Designing Democratic Engagement in the AI Era,2026-03-17,https://rebootdemocracy.ai/blog/ai-democratic-engagement-feedback,"More than 50 practitioners, researchers, and civic technologists from 24 countries reviewed the draft curriculum for Designing Democratic Engagement for the AI Era, providing over 300 comments and suggestions.",Dane Gambrell,Research Radar; AI Tools; AI and Problem Solving,,,,
reboot-blog-28576,Reboot Democracy,blog-post,The Case for Civic AI Compacts with Higher Education,2026-03-17,https://rebootdemocracy.ai/blog/civic-ai-compacts-universities,"Cities often treat nearby universities as occasional partners rather than strategic collaborators. But as artificial intelligence reshapes local economies and public services, that relationship may need to change.",Neil Kleiman,Research Radar; AI and Education; AI for Governance,,,,
reboot-blog-28574,Reboot Democracy,blog-post,Can AI help save us bureaucrats from our bureaucracy?,2026-03-16,https://rebootdemocracy.ai/blog/ai-human-services,InnovateUS and the Center for Civic Futures are launching a new series exploring how AI can help human services agencies reduce administrative burden and improve benefits delivery.,Robert Asaro-Angelo,AI for Governance; AI and Labor; AI and Problem Solving; AI Tools; AI and Service Delivery,,,,
reboot-blog-28572,Reboot Democracy,blog-post,South Australia needs its own sovereign AI capability,2026-03-11,https://rebootdemocracy.ai/blog/sa-needs-its-own-sovereign-ai-capability,"In this commentary, originally published by InDaily South Australia, Matt Ryan argues that artificial intelligence can help governments deliver more effective, human-centered services, but only if it builds public trust and democratic legitimacy.",Matt Ryan,Global AI Watch; Governing AI; AI and Public Engagement,,,,
reboot-blog-28573,Reboot Democracy,blog-post,Assembly Required: A Conversation with Lorelei Kelly on Deliberative Technology and Congressional Reform,2026-03-10,https://rebootdemocracy.ai/blog/assembly-required-congress-deliberation,"In this conversation with Elana Banin, Lorelei Kelly argues that rebuilding democratic resilience requires redesigning the institutional infrastructure connecting citizens to Congress.",Elana Banin,Research Radar; AI and Lawmaking; AI and Public Engagement; AI for Governance,,,,
reboot-blog-28571,Reboot Democracy,blog-post,Building an “Agentic Middleware” for the City Government: Boston’s Experiment with Model Context Protocol,2026-03-09,https://rebootdemocracy.ai/blog/boston-agentic-middleware,Boston is preparing for a future where AI agents increasingly interact with government systems.,Alberto Rodriguez Alvarez,AI for Governance; AI Infrastructure; AI and Problem Solving; AI and Service Delivery; AI Tools,,,,
reboot-blog-28570,Reboot Democracy,blog-post,"Global AI Watch: AI, Food Security, and the Case for Institutional Reform",2026-03-04,https://rebootdemocracy.ai/blog/ai-food-security-institutional-reform,"In this interview, B Cavello discusses findings from an Aspen Institute global survey and reflects on what it reveals about the intersection of AI and food systems. Practitioners consistently emphasized institutional capacity, governance, and distributional challenges as central constraints.",B Cavello; Elana Banin,Global AI Watch; AI for Governance; AI and Public Engagement; AI and Problem Solving,,,,
reboot-blog-28569,Reboot Democracy,blog-post,Using AI to Help States Break Down Barriers to Skills-Based Hiring,2026-03-03,https://rebootdemocracy.ai/blog/ai-for-skills-based-hiring,"Artificial intelligence is often portrayed as a force that will destroy jobs. In this essay, Seth Harris argues that it can also expand opportunity.",Seth Harris,AI and Labor; AI and Problem Solving,,,,
reboot-blog-28568,Reboot Democracy,blog-post,Who Will Shape AI in the Public Interest,2026-03-02,https://rebootdemocracy.ai/blog/public-ai,"The current controversy over the Pentagon’s AI contracts reveals a deeper issue: governments are shaping the AI market through procurement in the wrong ways or not at all, failing to make demands that AI strengthen democracy and improve governance.",Beth Simone Noveck,Governing AI,,,,
reboot-blog-28567,Reboot Democracy,blog-post,Key takeaways from “Regulating Algorithms: What Governments Around the World Are Doing and What Public Servants Should Know”,2026-02-25,https://rebootdemocracy.ai/blog/regulating-algorithms-key-takeaways,"Building domestic AI systems or reducing reliance on big tech is not the same as making AI work for the public. Examples such as Spain’s ALIA project, the EU AI Act, and Italy’s new AI law show that ownership and regulation go only so far.",Luca Cominassi; Beth Simone Noveck,Global AI Watch; AI for Governance,,,,
reboot-blog-28566,Reboot Democracy,blog-post,Research Radar: Academics Are Sounding the Alarm on AI Adoption. Who's Listening?,2026-02-24,https://rebootdemocracy.ai/blog/research-radar-academics-warn-on-ai-adoption,"A new paper urges universities to resist the uncritical adoption of AI, arguing that existing research integrity standards already prohibit much of what institutions are normalizing.",Beth Simone Noveck,Research Radar; Governing AI,,,,
reboot-blog-28565,Reboot Democracy,blog-post,"AI for Governance: How Institutions Can Provide AI Access Safely, Affordably, and at Scale",2026-02-23,https://rebootdemocracy.ai/blog/how-bos-nj-scale-ai-access,"As governments move from AI pilots to workforce-wide access, the hardest questions are practical: What does it cost at scale? Who gets access? How do you log usage and manage risk?",Beth Simone Noveck,AI for Governance,,,,
reboot-blog-28564,Reboot Democracy,blog-post,Government Strategy Needs Reimagining: An Experiment from Argentina,2026-02-18,https://rebootdemocracy.ai/blog/government-strategy-needs-reimagining-argentina-experiment,"In Argentina, the Red de Innovación Local (RIL) experimented with its AI-powered platform, PortalRIL, to shift from fragmented work plans to an inquiry-driven planning process anchored in a “Question Tree.” By surfacing patterns, trade-offs, and synergies across teams, AI helped compress months of…",Giulio Quaggiotto,Global AI Watch; AI and Problem Solving; AI for Governance; AI Tools,,,,
reboot-blog-28563,Reboot Democracy,blog-post,Evaluating AI Safety Through Local Policy: Findings from the UbuntuGuard benchmark,2026-02-17,https://rebootdemocracy.ai/blog/ubuntu-guard-local-policy-ai-safety,A new paper introducing the UbuntuGuard benchmark questions whether strong results on English-language safety tests consistently translate into responsible use.,Elana Banin,Research Radar; AI for Governance; Governing AI; AI Infrastructure; AI and Law,,,,
reboot-blog-28562,Reboot Democracy,blog-post,Minding the brand: Leveraging AI to build a culture of recognition in government,2026-02-16,https://rebootdemocracy.ai/blog/minding-the-brand-ai,Max Stier argues that rebuilding trust in government begins inside agencies by recognizing and elevating the everyday excellence of career civil servants.,Max Stier,AI for Governance; AI and Problem Solving,,,,
reboot-blog-28561,Reboot Democracy,blog-post,Global AI Watch: Korean Public Funds for Global AI Advancements,2026-02-11,https://rebootdemocracy.ai/blog/korea-public-ai-investment,"As Korea aims to become a top-three global AI power, the government has staked its strategy on “sovereign AI” as both an economic and national security priority.",Merve Hickok,Global AI Watch; AI for Governance; AI and International Relations (IR),,,,
reboot-blog-28560,Reboot Democracy,blog-post,How We Co-Designed an AI-Powered Tool for IEPs with Families in San Francisco,2026-02-10,https://rebootdemocracy.ai/blog/co-designing-ai-for-ieps,"As the AIEP project concludes its first pilot in San Francisco, it offers more than a new AI tool for navigating IEPs. It shows what becomes possible when families, educators, designers, and researchers co-design technology from the ground up.",Sofía Bosch Gómez; Joanna French; Belén Farmer Martinez,Research Radar; AI and Problem Solving; AI Tools; AI and Public Engagement,,,,
reboot-blog-28559,Reboot Democracy,blog-post,Doing Democracy with AI: Designing Public Engagement for the AI Era,2026-02-09,https://rebootdemocracy.ai/blog/doing-democracy-ai,"Leaders increasingly believe public engagement matters, but lack the practical know-how to do it well. Beth Simone Noveck and Dane Gambrell examine how institutions use AI and collective intelligence to engage the public at scale.",Beth Simone Noveck; Dane Gambrell,AI for Governance; AI and Public Engagement,,,,
reboot-blog-28558,Reboot Democracy,blog-post,Wicked Decluttering,2026-02-04,https://rebootdemocracy.ai/blog/wicked-decluttering,"What if the problem with government wasn’t too many rules, but how they’re organized? Boston’s permitting overhaul with AI for Impact shows how AI and collective intelligence can simplify the user experience without eroding the safeguards that matter.",Beth Simone Noveck,Rethinking Regulation,,,,
reboot-blog-28557,Reboot Democracy,blog-post,Research Radar: “Unboxing the Prompt”: How Community Feedback (and AI) Helped Us Build Better AI Together,2026-02-03,https://rebootdemocracy.ai/blog/unboxing-the-prompt-how-community-feedback-and-ai-helped-us-build-better-ai-together,"Families are expected to advocate for their children using IEP documents that are dense, technical, and often inaccessible.",Dhruv Kamlesh Kumar,Research Radar; AI Tools; AI and Problem Solving,,,,
reboot-blog-28556,Reboot Democracy,blog-post,Experimentation as Public Infrastructure,2026-02-02,https://rebootdemocracy.ai/blog/experimentation-public-infrastructure,"Governments are adopting powerful new technologies faster than their systems are built to learn. This piece by Cassandra Madison at the Center for Civic Futures argues that responsible innovation requires more than access to tools. It requires safe, structured spaces for experimentation.",Cassandra Madison,AI for Governance; AI Infrastructure; AI and Problem Solving; AI Tools; AI and Service Delivery,,,,
reboot-blog-28555,Reboot Democracy,blog-post,"Global AI Watch: Mapping the School, Seeing the System: How Spatial Context Reshaped Public Decision-Making in Uzbekistan and Bhutan",2026-01-28,https://rebootdemocracy.ai/blog/mapping-schools-seeing-the-system,Crowdsourced mapping of schools in Uzbekistan and Bhutan combined with AI data analysis created greater insight into on-the-ground conditions.,Aziza Umarova,Global AI Watch; AI and Education; AI for Governance,,,,
reboot-blog-28553,Reboot Democracy,blog-post,Prediction Isn’t Intelligence: How Predictive Models Really Work in Government,2026-01-27,https://rebootdemocracy.ai/blog/prediction-isn-t-intelligence-how-predictive-models-really-work-in-government,"A hiring tool changes your ""personality"" score based on whether there's a bookshelf behind you in an interview. A hospital model suggests asthmatics are safer—because it learned how to respond to the triage system, not the disease.",Stephan Schmidt,AI and Service Delivery; AI Tools; AI for Governance; AI and Public Safety; AI Infrastructure,,,,
reboot-blog-28554,Reboot Democracy,blog-post,Reimagining Public Institutions: Rethinking Leadership for Organizational Transformation,2026-01-27,https://rebootdemocracy.ai/blog/reimagining-public-institutions,"Organizations are among humanity’s most powerful inventions, but many of the structures we take for granted no longer serve the people inside them or the public they exist to support.",Anita McGahan,AI and Problem Solving; AI and Public Engagement; AI for Governance; AI and Service Delivery,,,,
reboot-blog-28552,Reboot Democracy,blog-post,Launching the Observatory of Public Sector AI: An Invitation to Build the Evidence Base Together,2026-01-26,https://rebootdemocracy.ai/blog/launching-public-sector-ai-observatory,"The Observatory of Public Sector AI is a new research initiative of InnovateUS and The GovLab. The Observatory draws on anonymized data from more than 150,000 public servants nationwide.",Beth Simone Noveck; Anirudh Dinesh; Gregory  Porumbescu; Allison Wan; Amanda Welsh,AI and Labor; Research Radar; AI and Problem Solving; AI for Governance,,,,
reboot-blog-28551,Reboot Democracy,blog-post,Voices in Every Language: How India is Building More Inclusive AI,2026-01-21,https://rebootdemocracy.ai/blog/voices-in-every-language-bhashadaan-india,India's Bhashini platform is democratizing access to digital services for 1.4 billion people by treating multilingual capability as public infrastructure.,Anirudh Dinesh,Global AI Watch; AI and Public Engagement; AI Infrastructure,,,,
reboot-blog-28549,Reboot Democracy,blog-post,AI and the Future of State Regulation,2026-01-20,https://rebootdemocracy.ai/blog/ai-and-the-future-of-state-regulation,"This piece examines how the Commonwealth of Virginia is using artificial intelligence to modernize regulatory review, shifting the focus from regulating AI to governing with it.",Reeve T.  Bull,,,,,
reboot-blog-28548,Reboot Democracy,blog-post,You’ve Got Less than 30 Seconds”: How Public Servants Can Find the Words to Win Back Trust,2026-01-18,https://rebootdemocracy.ai/blog/baird-ambramson-amplify,"In this InnovateUS Amplify workshop, former Member of Congress Brian Baird and former New York Times executive editor Jill Abramson share hard-earned lessons on trust, empathy, and why listening may be the most powerful skill public servants have.",Amedeo Bettauer,,,,,
reboot-blog-28547,Reboot Democracy,blog-post,"Global Watch: Hillerød, Denmark is crowdsourcing its way through a traffic jam",2026-01-14,https://rebootdemocracy.ai/blog/hillerod-crowdsourcing-traffic,"Facing worsening congestion and no room to build new roads, Hillerød, Denmark, turned to its residents for direction. Diverse engagement channels and AI tools helped the city identify priorities politicians hadn’t anticipated.",Nico Campbell,Global AI Watch; AI and Public Safety; AI and Public Engagement; AI and Problem Solving; AI for Governance,,,,
reboot-blog-28546,Reboot Democracy,blog-post,The NLRB Has a Data Problem. One Lawyer Is Using AI to Fix It.,2026-01-13,https://rebootdemocracy.ai/blog/nlrb-data-problem-ai,"U.S. labor law is shaped by thousands of decisions issued each year by the National Labor Relations Board (NLRB) and the courts, yet much of this precedent remains difficult for workers, organizers, and even lawyers to access in practice.",Dane Gambrell,Research Radar; AI and Labor,,,,
reboot-blog-28543,Reboot Democracy,blog-post,Using AI to Improve Public Services in New Jersey: An interview with Dave Cole,2026-01-12,https://rebootdemocracy.ai/blog/ai-public-services-nj,New Jersey’s Office of Innovation has received a Public Benefit Innovation Fund grant to expand its AI platform with tools that help residents access benefits faster and with fewer errors.,Beth Simone Noveck; Dave Cole,AI for Governance; AI and Law,,,,
reboot-blog-28545,Reboot Democracy,blog-post,Can mid-sized economies come together to build frontier AI?,2026-01-07,https://rebootdemocracy.ai/blog/mid-sized-economies-frontier,"Conventional Wisdom presents mid-sized economies with two options for accessing advanced AI: rely on American or Chinese systems, or fall behind. Neither choice preserves the technological sovereignty that countries increasingly see as essential.",Elana Banin,Global AI Watch; Governing AI; AI and Law; AI Infrastructure,,,,
reboot-blog-28544,Reboot Democracy,blog-post,Research Radar: The City as Mesh and New Ways of Organizing for Effective Problem Solving,2026-01-06,https://rebootdemocracy.ai/blog/research-radar-city-as-mesh,The City as Mesh by Geoff Mulgan and Caio Werneck offers a powerful new framework for organizing cities to tackle cross-cutting challenges.,Beth Simone Noveck,Research Radar; AI for Governance,,,,
reboot-blog-28542,Reboot Democracy,blog-post,From Red Tape to Green Tape: Decluttering the State with AI and Collective Intelligence,2026-01-05,https://rebootdemocracy.ai/blog/green-tape,"Governments are increasingly using AI to identify redundant, outdated, and burdensome regulations. But efficiency alone is not reform: without public judgment, simplification can weaken essential protections.",Beth Simone Noveck,AI for Governance; Rethinking Regulation,,,,
reboot-blog-28539,Reboot Democracy,blog-post,Research Radar: How Research Drove a Community-Led Action Plan for LA Wildfire Recovery,2025-12-23,https://rebootdemocracy.ai/blog/research-community-led-la-wildfire-recovery,"This Research Radar examines how California’s Office of Data and Innovation used a rigorous, community-driven approach to translate thousands of survivor contributions from the LA wildfires into a concrete recovery action plan.",Jarett Krumrei,,,,,
reboot-blog-28540,Reboot Democracy,blog-post,Using AI to Support Public Deliberation: A Conversation with Audrey Tang,2025-12-19,https://rebootdemocracy.ai/blog/deliberating-with-the-public,"In this InnovateUS workshop, Audrey Tang and Danielle Allen discuss how AI-enabled civic technologies, paired with radical transparency and thoughtful institutional design, can help democracies respond to problems faster, govern more fairly, and rebuild public trust.",Dane Gambrell; Beth Simone Noveck,AI and Lawmaking,,,,
reboot-blog-28541,Reboot Democracy,blog-post,Top Takeaways from Subcommittee Hearing on Future of Constituent Engagement,2025-12-18,https://rebootdemocracy.ai/blog/constituent-engagement-hearing-takeaways,"A House Administration Subcommittee hearing featuring Dr. Beth Simone Noveck, Dr. Michael Neblo, Aubrey Wilson, and Ken Ward examined the future of constituent engagement with Congress.",The Committee on House Administration Subcommittee on Modernization and Innovation null,,,,,
reboot-blog-28538,Reboot Democracy,blog-post,The Future of Constituent Engagement with Congress,2025-12-17,https://rebootdemocracy.ai/blog/future-of-constituent-engagement,"In testimony before the House Subcommittee on Modernization and Innovation, Dr. Beth Simone Noveck argues that Congress’s challenge is too little institutional capacity to use public input.",Beth Simone Noveck,AI and Lawmaking; AI and Law; AI and Service Delivery; AI for Governance,,,,
reboot-blog-28537,Reboot Democracy,blog-post,Public AI: Policies for democratic and sustainable AI infrastructures,2025-12-16,https://rebootdemocracy.ai/blog/public-ai-policies-for-democratic-and-sustainable-ai-infrastructures,"This analysis by OECD.AI contributors offers a clear, practical blueprint for “public AI.” It maps where power concentrates across the AI tech stack, such as compute, data, and models, and shows how governments can intervene without trying to outspend frontier labs.",Alek Tarkowski; Albert Cañigueral; Felix Sieker; Luca Cominassi,Research Radar; Global AI Watch; AI for Governance,,,,
reboot-blog-28535,Reboot Democracy,blog-post,Learning Together to Improve Public Service,2025-12-15,https://rebootdemocracy.ai/blog/learning-together-to-improve-public-service,"Since its creation in 2023, InnovateUS’s training offerings have supported public professionals in making sense of change together, building capacity, and strengthening their ability to make informed decisions in practice.",Agueda  Quiroga,AI for Governance; Governing AI; AI and Service Delivery; AI Tools; AI and Problem Solving; AI and Public Engagement; AI Infrastructure; AI and Law; AI and Labor; AI and Education; AI and Public Safety; AI and Lawmaking,,,,
reboot-blog-28533,Reboot Democracy,blog-post,New Tools to Deliver Better Services for all New Jerseyans,2025-12-11,https://rebootdemocracy.ai/blog/new-tools-to-deliver-better-services-for-all-new-jerseyans,"Dave Cole, New Jersey’s Chief Innovation Officer, argues that states now have both the opportunity and the responsibility to build durable public infrastructure for responsible AI.",Dave Cole,AI and Law; AI for Governance; AI and Service Delivery; AI and Lawmaking,,,,
reboot-blog-28526,Reboot Democracy,blog-post,Humanism Over Hegemony: Inside Italy’s New AI Law,2025-12-10,https://rebootdemocracy.ai/blog/europes-first-national-ai-law-inside-italys-bid-to-assert-digital-sovereignty,"Italy has become the first European country to move beyond implementing the EU AI Act and enact its own sovereignty-driven AI law; one that anchors innovation in public oversight, workers’ rights, human accountability, and sector-specific democratic safeguards.",Beth Simone Noveck; Luca Cominassi,Global AI Watch; Governing AI; AI and Law; AI and Lawmaking,,,,
reboot-blog-28525,Reboot Democracy,blog-post,Research Radar: Synthetic Data Is Redefining Representation,2025-12-09,https://rebootdemocracy.ai/blog/research-radar-synthetic-data-is-redefining-representation,"As governments experiment with AI to simulate public opinion, new questions are emerging about who these systems truly represent.",Elana Banin,Research Radar; Governing AI,,,,
reboot-blog-28524,Reboot Democracy,blog-post,Human by Design: Reflections from the OECD Global Roundtable on Equal Access to Justice,2025-12-08,https://rebootdemocracy.ai/blog/human-by-design-reflections-from-the-oecd-global-roundtable-on-equal-access-to-justice,"In November 2025, global justice leaders met in Madrid for the OECD Roundtable on Equal Access to Justice to examine how systems can adapt to rising demand and rapid technological change.",Jennifer Sellitti,AI for Governance; AI and International Relations (IR); AI and Law,,,,
reboot-blog-28523,Reboot Democracy,blog-post,Toward AI Governance That Works: Examining the Building Blocks of AI and the Impacts,2025-12-03,https://rebootdemocracy.ai/blog/toward-ai-governance-that-works-examining-the-building-blocks-of-ai-and-the-impacts,"As governments and international bodies race to establish guardrails for AI, most of the global agenda still focuses on managing what AI systems produce—their outputs. This article argues that such an approach is incomplete.",Dr. Stefaan  Verhulst; Dr. Friederike Schüür,Governing AI; AI Infrastructure,,,,
reboot-blog-28522,Reboot Democracy,blog-post,Research Radar: The White House Wants a Scientific Genesis. It May Trigger a Democratic Exodus,2025-12-02,https://rebootdemocracy.ai/blog/research-radar-the-white-house-calls-it-genesis-for-public-input-it-looks-more-like-an-exodus,"The Trump Administration’s Genesis Mission aims to unify federal supercomputers, datasets, and AI systems into a single national platform for scientific discovery.",Beth Simone Noveck,,,,,
reboot-blog-28521,Reboot Democracy,blog-post,Accountable Algorithms: Blending Individual Rights and Collective Oversight in Government AI,2025-12-01,https://rebootdemocracy.ai/blog/accountable-algorithms-blending-individual-rights-and-collective-oversight-in-government-ai,"AI is already shaping government decisions, but bright-line bans on automated decisions are not enough to manage the complex “middle space” where most automation now operates.",Beth Simone Noveck; Dane Gambrell,Governing AI; AI for Governance,,,,
reboot-blog-28520,Reboot Democracy,blog-post,QHLD: Making Spain’s Parliament Understandable with AI,2025-11-26,https://rebootdemocracy.ai/blog/is-your-parliament-transparent-or-just-performing-making-public-data-understandable-opens-the-door-to-citizen-engagement,"Political Watch’s “What Our Representatives Do” tool (QHLD) organizes thousands of congressional initiatives into clear, searchable themes, making political priorities visible, comparable, and actionable.",Celia Zafra; Pablo Martín,AI Tools; AI and Public Engagement; AI and Problem Solving; AI and Lawmaking; AI for Governance,,,,
reboot-blog-28513,Reboot Democracy,blog-post,Solving Public Problems with Artificial Intelligence,2025-11-25,https://rebootdemocracy.ai/blog/solving-public-problems-with-artificial-intelligence,"The Solving Public Problems course has helped learners worldwide tackle complex challenges. The course teaches how to leverage technology, data, and collective wisdom in our communities to design powerful solutions to contemporary problems.",Beth Simone Noveck,AI and Problem Solving,,,,
reboot-blog-28519,Reboot Democracy,blog-post,Big Tech Wants AI Without Rules. Here’s How Workers are Fighting Back,2025-11-24,https://rebootdemocracy.ai/blog/big-tech-wants-ai-without-rules-heres-how-workers-are-fighting-back,"AI is reshaping the workplace faster than public policy can keep up, often in ways that expand corporate power, weaken worker rights, and undermine democratic oversight. But across sectors, workers and unions are showing that this trajectory isn’t inevitable.",Dane Gambrell,AI and Labor; AI and Lawmaking; Governing AI,,,,
reboot-blog-28518,Reboot Democracy,blog-post,Foundations for the Digital Commons,2025-11-19,https://rebootdemocracy.ai/blog/foundations-for-the-digital-commons,"In late October, the Roux Institute hosted Foundations for the Digital Commons with Bernstein Shur and RadicalxChange, convening technologists, policymakers, civic innovators, journalists, and funders to chart a path for renewing the digital systems that underpin democratic life.",Matt Prewitt; Matthew Victor,AI for Governance; AI and Public Engagement; AI and Problem Solving,,,,
reboot-blog-28517,Reboot Democracy,blog-post,Research Radar: An Economy of AI Agents,2025-11-18,https://rebootdemocracy.ai/blog/research-radar-an-economy-of-ai-agents,"AI agents are beginning to make market-shaping decisions. Hadfield and Koh's new study reveals why this shift is significant. Current agents do not reason like economists, do not reflect human preferences, and do not fit into accountability structures.",Elana Banin,Research Radar; Governing AI,,,,
reboot-blog-28516,Reboot Democracy,blog-post,Why “Good Guys” Shouldn’t Use AI like the “Bad Guys”: The Failure of Predictive Policing,2025-11-17,https://rebootdemocracy.ai/blog/why-good-guys-shouldnt-use-ai-like-the-bad-guys-the-failure-of-predictive-policing,"This essay argues that predictive policing continues to fail not because police departments lack data, but because they are using the wrong kind of data, in the wrong way.",Mihir Kshirsagar,AI and Public Safety; AI and Public Engagement; AI and Law,,,,
reboot-blog-28515,Reboot Democracy,blog-post,Designing AI for Trust: Lessons from Tarjimly’s Translation Platform for Humanitarian Action,2025-11-12,https://rebootdemocracy.ai/blog/designing-ai-for-trust-lessons-from-tarjimlys-translation-platform-for-humanitarian-action,"When refugees needed language support, Tarjimly turned everyday volunteers into lifelines. In this reflection, CEO Atif Javed traces how the platform evolved from a Facebook Messenger experiment into a global translation network, one now partially powered by AI.",Atif Javed,AI and Problem Solving; AI and Service Delivery; AI Tools; AI and International Relations (IR),,,,
reboot-blog-28514,Reboot Democracy,blog-post,Governing AI: The Air Force’s AI Land Rush,2025-11-09,https://rebootdemocracy.ai/blog/governing-ai-the-air-forces-ai-land-rush,"The Air Force is quietly auctioning off slices of its bases for private AI data centers. They call it innovation; it looks like privatization. Fifty-year leases, 3,000 acres of military land, and no public say. If this is how we build the future, who’s really in command?",Beth Simone Noveck,Governing AI,,,,
reboot-blog-28512,Reboot Democracy,blog-post,Global AI Watch: Brazil’s Experiment in AI-Powered Participation,2025-11-05,https://rebootdemocracy.ai/blog/global-ai-watch-brazils-experiment-in-ai-powered-participation,"When Brazil's federal government launched its 2023 Participatory Pluriannual Plan, the response was massive: 1.4 million participants submitted over 8,200 proposals through the Brasil Participativo platform.",Christiana Freitas; Ricardo Poppi,AI for Governance; AI and International Relations (IR); AI and Service Delivery; AI and Public Engagement; AI and Problem Solving,,,,
reboot-blog-28501,Reboot Democracy,blog-post,Research Radar: The Emperor's New Agents - Why AI Won't Fix Broken Government,2025-11-04,https://rebootdemocracy.ai/blog/research-radar-the-emperors-new-agents-why-ai-wont-fix-broken-government,"The Agentic State is an ambitious and inspiring blueprint for rebuilding government around AI agents that can act and decide autonomously. It powerfully diagnoses real failures in how the public sector designs, delivers, and manages services.",Beth Simone Noveck,Research Radar; AI Tools; AI and Service Delivery,,,,
reboot-blog-28492,Reboot Democracy,blog-post,The AI Fish Counter: Teaching Ourselves to Use AI—Before It Uses Us,2025-11-03,https://rebootdemocracy.ai/blog/the-ai-fish-counter-teaching-ourselves-to-use-aibefore-it-uses-us,"The danger isn’t that AI will make us dumber—it’s that governments, companies, and schools won’t make us smarter with it. As policymakers stall and corporations automate, the burden of using AI wisely now falls on us.",Beth Simone Noveck,AI and Problem Solving; Governing AI; AI for Governance,,,,
reboot-blog-28491,Reboot Democracy,blog-post,How Governments are Using AI,2025-10-30,https://rebootdemocracy.ai/blog/how-governments-are-using-ai,Public service professionals from across the globe have come together to learn from one another how to use AI to improve governance. From St.,Elana Banin,AI and Problem Solving; AI for Governance; AI and Service Delivery; AI Tools; Governing AI,,,,
reboot-blog-28490,Reboot Democracy,blog-post,Governing the Undefined: Why the Debate Over Superintelligence Misses the Point,2025-10-29,https://rebootdemocracy.ai/blog/governing-the-undefined-why-the-debate-over-superintelligence-misses-the-point,"As headlines warn of “superintelligent AI” threatening human extinction, a new open letter reignites familiar fears. But beneath the apocalyptic rhetoric lies a deeper problem.",Dane Gambrell,Governing AI; AI and Problem Solving; AI and Public Safety,,,,
reboot-blog-28489,Reboot Democracy,blog-post,Re-thinking AI: How a Group of Civic Technologists Discovered the Power of AI to Rebuild Trust in Government,2025-10-27,https://rebootdemocracy.ai/blog/rethinkingai-how-a-group-of-civic-technologists-discovered-the-power-of-ai-to-rebuild-trust-in-government,"After two years of research, the RethinkAI collaborative released Making AI Work for the Public—a comprehensive field review of how U.S. governments adopt AI. Since 2019, over 1,600 AI-related bills have been introduced, but most focus on guardrails, not proactive strategy.",Neil Kleiman; Mai-Ling Garcia; Eric  Gordon,,,,,
reboot-blog-28480,Reboot Democracy,blog-post,Building Democracy’s Digital Future: Lessons from Boston’s Civic AI Experiments,2025-10-20,https://rebootdemocracy.ai/blog/building-democracys-digital-future-lessons-from-bostons-civic-ai-experiments,"Boston became a living laboratory for democratic innovation last week, as two major convenings—the Civic AI Summit at Northeastern and Harvard’s Digital Democracy showcase—brought together leaders reshaping how technology serves the public good.",David Fields,AI and Lawmaking; AI and Problem Solving; AI for Governance,,,,
reboot-blog-28476,Reboot Democracy,blog-post,New America CEO Anne-Marie Slaughter Reflects on the National Gathering for State AI Leaders,2025-10-15,https://rebootdemocracy.ai/blog/new-america-ceo-anne-marie-slaughter-reflects-on-the-national-gathering-for-state-ai-leaders,"As states take center stage in shaping how the U.S. adapts to artificial intelligence, their choices will determine not just whether America keeps pace, but whether it thrives.",Anne-Marie Slaughter,AI for Governance; Governing AI; AI Infrastructure; AI and Labor; AI and Public Engagement,,,,
reboot-blog-28475,Reboot Democracy,blog-post,Vibe Coding the City: How One Developer Used Open Data to Map Every Public Space in New York City,2025-10-14,https://rebootdemocracy.ai/blog/vibe-coding-the-city-how-one-developer-used-open-data-to-map-every-public-space-in-new-york-city,"New York City has thousands of parks, plazas, and public courtyards, but no easy way to find them. Using “vibe coding,” open data, and generative AI, one civic technologist built a map of every public space in the five boroughs.",Dane Gambrell,AI and Service Delivery; AI and Public Engagement; Research Radar; AI Infrastructure,,,,
reboot-blog-28457,Reboot Democracy,blog-post,"The Next UN: AI, Power, and What Global Governance Must Become",2025-10-08,https://rebootdemocracy.ai/blog/the-next-un-ai-power-and-what-global-governance-must-become,"In late September, the UN adopted a global AI resolution backed by all 193 Member States, a diplomatic milestone. But one that risks repeating old patterns of top-down governance.",Elana Banin,AI and Lawmaking; Governing AI; AI for Governance; AI and International Relations (IR); AI and Public Engagement,,,,
reboot-blog-28456,Reboot Democracy,blog-post,Silicon Sampling: When Communications Practitioners Should (and Shouldn’t) use AI in the Survey Pipeline,2025-10-07,https://rebootdemocracy.ai/blog/silicon-sampling-when-communications-practitioners-should-and-shouldnt-use-ai-in-the-survey-pipeline,"Large Language Models are becoming common tools in the communications toolkit, but not all uses are created equal.",John Wihbey; Samantha  D'Alonzo,Research Radar; AI and Problem Solving; AI Tools,,,,
reboot-blog-28455,Reboot Democracy,blog-post,Feeding the Beast: Powering Democratic AI with Open Data,2025-10-06,https://rebootdemocracy.ai/blog/powering-ai-with-open-data,"AI’s biggest breakthroughs were built on public datasets; the next wave should be, too. If governments make data AI-ready and keep access open, we can power tools that explain laws, improve services, and widen participation.",Beth Simone Noveck,Governing AI; AI and Problem Solving; AI Infrastructure; AI for Governance,,,,
reboot-blog-28454,Reboot Democracy,blog-post,The Judicial Protection of Algorithmic Transparency,2025-10-01,https://rebootdemocracy.ai/blog/the-judicial-protection-of-algorithmic-transparency,Law professor and political commentator José Luis Martí argues that Spain’s Supreme Court ruling on Bosco is a democratic milestone—establishing algorithmic transparency as a constitutional principle and putting AI at the service of democracy.,José Luis Marti,AI and Lawmaking; AI and Public Engagement; Governing AI; AI for Governance; AI and Law,,,,
reboot-blog-28452,Reboot Democracy,blog-post,"When Communities Lead, Appropriate Tech and Change Follow",2025-09-30,https://rebootdemocracy.ai/blog/when-communities-lead-appropriate-tech-and-change-follow,"Co-designed with parents, the AIEP tool is both a technical solution and a catalyst for civic power for families of children with diverse abilities.",Sofía Bosch Gómez,AI and Problem Solving; AI and Service Delivery; Research Radar; AI and Education,,,,
reboot-blog-28453,Reboot Democracy,blog-post,From Voice to Impact: What We’ve Learned So Far in the Reboot Democracy Workshop series: Designing Democratic Engagement for the AI Era,2025-09-29,https://rebootdemocracy.ai/blog/from-voice-to-impact-what-weve-learned-so-far-in-the-reboot-democracy-workshop-series-designing-democratic-engagement-for-the-ai-era,"Over the first two sessions of Reboot Democracy: Designing Democratic Engagement for the AI Era, we’ve explored why participation too often falls short, and how to make it matter.",Elana Banin,AI Tools; AI for Governance; AI and Lawmaking; AI and Service Delivery; AI and Problem Solving; AI Infrastructure,,,,
reboot-blog-28451,Reboot Democracy,blog-post,friend.com or foe.com?,2025-09-28,https://rebootdemocracy.ai/blog/friend-or-foe,"The New York City subway would never accept an ad for a hitman-for-hire service, or for a pill that claimed to cure depression but wasn’t FDA-approved, or a social network designed exclusively to groom minors. Those would be illegal, unethical—and obviously dangerous.",Beth Simone Noveck; Amedeo Bettauer,Governing AI; AI Tools; AI and Education,,,,
reboot-blog-28450,Reboot Democracy,blog-post,Choosing Wisely: A New Resource for Picking the Right Participation Platform,2025-09-23,https://rebootdemocracy.ai/blog/choosing-wisely-a-new-resource-for-picking-the-right-participation-platform,"Choosing a digital participation platform is a governance choice. Dane Gambrell's latest post explores what the new Guide to Digital Participation Platforms gets right, the idea that participation only works when tools are matched to purpose, capacity, and follow-through.",Dane Gambrell,AI and Lawmaking; Research Radar,,,,
reboot-blog-28449,Reboot Democracy,blog-post,Governing with AI: Why Albania’s Chatbot Minister Makes More Sense Than You Think,2025-09-22,https://rebootdemocracy.ai/blog/Diella-not-a-stunt,Seoul showed 25 years ago that transparency and accountability built into digital systems can blunt corruption. Albania’s chatbot minister will stand or fall on the same test: whether it reduces opportunities for bribery.,Beth Simone Noveck,AI for Governance,,,,
reboot-blog-28448,Reboot Democracy,blog-post,Public engagement matters. But governments need to learn to listen better (and faster),2025-09-18,https://rebootdemocracy.ai/blog/public-engagement-matters-but-governments-need-to-learn-to-listen-better-and-faster,"Agueda Quiroga (InnovateUS) and Sarah Hubbard (Allen Lab) reflect on insights from the Reboot Democracy workshop series with Beth Noveck and Danielle Allen, and why 21st-century democracy needs better ways to connect citizen input to real outcomes.",Agueda  Quiroga; Sarah Hubbard,AI for Governance; AI and Problem Solving; AI and Public Engagement; AI Tools,,,,
reboot-blog-28435,Reboot Democracy,blog-post,The Public’s Verdict on AI and Human Capacity: What it Means for Democracy,2025-09-17,https://rebootdemocracy.ai/blog/the-publics-verdict-on-ai-and-human-capacity-what-it-means-for-democracy,"A new national survey finds that Americans overwhelmingly believe AI will diminish key human capacities, like empathy, deep thinking, and personal agency, by 2035.",Lee Rainie,Research Radar; AI and Public Engagement,,,,
reboot-blog-28434,Reboot Democracy,blog-post,"AI is a Power Tool, Not a Decision Maker: Essential Lessons for Law Enforcement",2025-09-16,https://rebootdemocracy.ai/blog/ai-is-a-power-tool-not-a-decision-maker-essential-lessons-for-law-enforcement,"Law enforcement agencies are under pressure to explore AI, but the real lesson is to treat it like any other power tool. In a recent workshop, Rutgers Senior Fellow Mark Genatempo stressed that AI should support, not replace, human decision-making.",Jessica Silverman,AI and Public Engagement; AI and Public Safety,,,,
reboot-blog-28433,Reboot Democracy,blog-post,From Interim to Institution: New Jersey’s Three-Pillar Strategy for Responsible AI,2025-09-15,https://rebootdemocracy.ai/blog/NJ-AI-2025,"With its new 2025 AI policy, New Jersey has advanced from interim guidance that encouraged experimentation to a framework that enables safe, large-scale use.",Beth Simone Noveck,Governing AI; AI for Governance,,,,
reboot-blog-28429,Reboot Democracy,blog-post,Work with what you have: how Vietnam is using AI as a way to encourage a learning culture among public servants,2025-09-10,https://rebootdemocracy.ai/blog/work-with-what-you-have-how-vietnam-is-using-ai-as-a-way-to-encourage-a-learning-culture-among-public-servants,"While the West races toward artificial general intelligence, Vietnam is charting a different path with “Applied AI"", using tools like ChatGPT to overcome language barriers, limited budgets, and institutional bottlenecks.",Giulio Quaggiotto,AI and Law; AI Tools; AI and Public Engagement; AI and Problem Solving; AI for Governance; AI and Service Delivery; AI and International Relations (IR),,,,
reboot-blog-28427,Reboot Democracy,blog-post,"Research Radar: RAND on AI-Enabled Policymaking: Opportunities, Obstacles, and the Road Ahead",2025-09-09,https://rebootdemocracy.ai/blog/putting-ai-enabled-policymaking-into-practice,"A report on a recent workshop cohosted by RAND, the Stimson Center, and the Tony Blair Institute for Global Change explores how AI can support more effective policymaking.",Dane Gambrell,AI and Lawmaking; AI and Public Engagement; Research Radar,,,,
reboot-blog-28428,Reboot Democracy,blog-post,Governing with AI - Learning the How-To's of AI-Enhanced Public Engagement,2025-09-08,https://rebootdemocracy.ai/blog/reboot2025-howsofaiengagement,"Public engagement has long been too time-consuming and costly for governments to sustain, but AI offers tools to make participation more systematic and impactful.",Beth Simone Noveck,AI and Public Engagement; AI for Governance,,,,
reboot-blog-28424,Reboot Democracy,blog-post,Join People Powered on September 16 for the Release of New Guidance on AI for Digital Democracy,2025-08-27,https://rebootdemocracy.ai/blog/join-people-powered-on-september-16-for-the-release-of-new-guidance-from-global-case-studies-on-ai-for-digital-democracy,Join People Powered on September 16 for the release of new guidance based on global case studies for AI for Digital Democracy.,Bonnie McGilpin,AI and Public Engagement,,,,
reboot-blog-28423,Reboot Democracy,blog-post,"Inaugural AI 50 List Recognizes The GovLab, Beth Noveck, Santiago Garces, and more",2025-08-13,https://rebootdemocracy.ai/blog/ai-50,"The Center for Public Sector AI has launched a new recognition initiative called The AI 50, which honors people and institutions that are playing important roles in implementing and developing artificial intelligence within government agencies.",Angelique Casem; Bonnie McGilpin,,,,,
reboot-blog-28422,Reboot Democracy,blog-post,AI Can Revolutionize Policy Research – But Only If Implemented Responsibly,2025-07-16,https://rebootdemocracy.ai/blog/ai-policy-research-opportunities-challenges,"Artificial intelligence can transform evidence-based policymaking by enabling policymakers to cast a wider net for evidence, synthesize evidence more rapidly, and incorporate better and deeper engagement with communities.",Dane Gambrell,AI and Lawmaking; AI and Public Engagement,,,,
reboot-blog-28421,Reboot Democracy,blog-post,"New Jersey, Pennsylvania, and Utah Lead States in AI Readiness, Report Finds",2025-07-10,https://rebootdemocracy.ai/blog/code-for-america-ai-readiness-report,"A new Code for America assessment looks at how states are adopting artificial intelligence to support the design, delivery, and evaluation of public services.",Dane Gambrell,AI and Service Delivery; AI and Public Engagement,,,,
reboot-blog-28420,Reboot Democracy,blog-post,Highway Engineer tool created by AI for Impact students highlighted by NBC Boston,2025-07-07,https://rebootdemocracy.ai/blog/heka-tool-created-by-ai-for-impact-students-highlighted-by-nbc-boston,"HEKA, the Highway Engineer Knowledge Agent chatbot created through the AI for Impact co-op program is empowering design engineers in the MassDOT Highway Division to efficiently query department manuals and documentation, aiding in the design of quicker and safer infrastructure projects for…",Bonnie McGilpin,Governing AI,,,,
reboot-blog-28419,Reboot Democracy,blog-post,Research Radar: AI Speeds Up Government Consultation Analysis Without Sacrificing Quality,2025-06-17,https://rebootdemocracy.ai/blog/UK-AI-consult-Eval,"New research from the UK Gov shows how AI could make it easier for institutions to do public engagement. A new process called ""Consult"" combined AI with human oversight to analyze public consultation responses with 76% accuracy in seconds.",Beth Simone Noveck,AI and Public Engagement; Research Radar,,,,
reboot-blog-28417,Reboot Democracy,blog-post,"Research Radar: The Agentic State: A 20-Year Wish List, Finally Within Reach?",2025-06-03,https://rebootdemocracy.ai/blog/agentic-state-paper,"This week’s Research Radar highlights The Agentic State, an ambitious whitepaper arguing that AI agents could reshape the core functions of government. It’s a timely vision for public sector transformation —worth reading, debating, and building on.",Beth Simone Noveck,Research Radar; AI for Governance; AI Infrastructure,,,,
reboot-blog-28413,Reboot Democracy,blog-post,Research Radar: Dreaming Better Elections Into Reality,2025-05-27,https://rebootdemocracy.ai/blog/research-radar-tialpaper,A new white paper from The Institutional Architecture Lab argues that combating AI-generated deepfakes and synthetic content in elections requires purpose-built institutions.,Beth Simone Noveck,Research Radar; AI and Elections,,,,
reboot-blog-28408,Reboot Democracy,blog-post,Coming Soon: InnovateUS to Offer Training on Responsible AI for Public Sector Legal Professionals,2025-05-20,https://rebootdemocracy.ai/blog/ai-training-for-public-sector-legal-professionals-course,"InnovateUS is excited to announce ""Responsible AI for Public Sector Legal Professionals,"" two free courses which equip public sector lawyers and legal support staff to safely and responsibly use AI tools and implement AI systems to improve the efficiency and effectiveness of their work while…",Dane Gambrell; Bonnie McGilpin; Jessica Silverman,AI and Law,,,,
reboot-blog-28407,Reboot Democracy,blog-post,DOGE Is Using AI To Centralize Government Power. It’s Time to Flip the Script.,2025-05-19,https://rebootdemocracy.ai/blog/doge-using-ai-to-centralize-government-power,The Trump administration’s January 20 executive order rechristening the US Digital Service as the Department of Government Efficiency (DOGE) has effectively hijacked the civic tech movement.,Neil Kleiman; Eric Gordon,AI and Service Delivery,,,,
reboot-blog-28401,Reboot Democracy,blog-post,Leading with Purpose: Social Change in the AI Age: Delivered at the Kean University Honors Convocation,2025-05-14,https://rebootdemocracy.ai/blog/leading_with_purpose,"In our AI revolution, we face a pivotal choice between using these unprecedented cognitive tools to amplify our worst tendencies or solve humanity's greatest challenges.",Beth Simone Noveck,,,,,
reboot-blog-28404,Reboot Democracy,blog-post,Research Radar: Co-Designing AI Systems,2025-05-13,https://rebootdemocracy.ai/blog/research-radar-co-designing-ai-systems,"ETH Zurich researchers introduce ""Value-Sensitive Citizen Science,"" a systematic framework combining design principles with citizen science to foster meaningful public participation in AI development.",Beth Simone Noveck,Research Radar,,,,
reboot-blog-28405,Reboot Democracy,blog-post,House Republicans Include AI Regulation Preemption in Budget Reconciliation Bill,2025-05-13,https://rebootdemocracy.ai/blog/federal-preemption,House Republicans have introduced a provision in the Budget Reconciliation bill that would prevent states from regulating artificial intelligence systems for a decade.,Beth Simone Noveck,Governing AI; AI and Law,,,,
reboot-blog-28403,Reboot Democracy,blog-post,Governing AI: Fired Over Fair Use - The Bombshell AI-Training Report,2025-05-12,https://rebootdemocracy.ai/blog/AI-copyright,President Trump’s weekend firing of the Register of Copyrights spotlights a 113-page bombshell report that brands large-scale AI training as prima-facie infringement. The Copyright Office sides with copyright owners while offering a nuanced analysis and leaving it to the market to sort out.,Beth Simone Noveck,Governing AI,,,,
reboot-blog-28402,Reboot Democracy,blog-post,Global AI Watch: Listening to Public Servants - What Dubai and New Jersey Teach Us About AI Readiness,2025-05-07,https://rebootdemocracy.ai/blog/global-ai-watch-listening-to-public-servants-what-dubai-and-new-jersey-teach-us-about-ai-readiness,"Dubai's comprehensive 60-question AI survey yielded just 4% participation while New Jersey's streamlined, AI-assisted approach garnered 5,000 responses in three weeks—yet both revealed similar insights about public servants' AI readiness.",Beth Simone Noveck,,,,,
reboot-blog-28400,Reboot Democracy,blog-post,"Research Radar: Race, Democracy, and AI - Spencer Overton Offers a Framework for a More Inclusive Digital Future",2025-05-06,https://rebootdemocracy.ai/blog/overton_race_AI,In this week's Research Radar: The future of American democracy may hinge on whether artificial intelligence supercharges racial division or helps build more inclusive participation.,Beth Simone Noveck,Research Radar,,,,
reboot-blog-28399,Reboot Democracy,blog-post,People Before Platforms: Why OMB’s AI Memos Won’t Work Without Training,2025-05-05,https://rebootdemocracy.ai/blog/omb-ai-memos-need-for-training,"Last month, the White House's Office of Management and Budget released two memoranda that shift how our government will approach artificial intelligence. There's just one problem: the people tasked with implementing these ambitious directives haven't been prepared for this moment.",Alberto Rodriguez Alvarez,AI and Service Delivery,,,,
reboot-blog-28398,Reboot Democracy,blog-post,Global AI and Democracy Watch: UAE's AI-Powered Legislative Office: An Experiment Worth Watching,2025-04-30,https://rebootdemocracy.ai/blog/UAE_AI_lawmaking,"The UAE has announced its ""Legislative Intelligence Office,"" promising to transform lawmaking through AI by integrating legislation, judicial rulings, and public services.",Beth Simone Noveck,,,,,
reboot-blog-28397,Reboot Democracy,blog-post,Research Radar: Using Machine Learning to Map State Capacity,2025-04-29,https://rebootdemocracy.ai/blog/research-radar-using-machine-learning-to-map-state-capacity,Norwegian researchers have created detailed maps of state capacity at the local level using machine learning to combine citizen surveys with geographic data across Africa.,Beth Simone Noveck,Research Radar; AI and Problem Solving; AI for Governance; AI and Public Engagement,,,,
reboot-blog-28396,Reboot Democracy,blog-post,AI Governance Watch: The Executive Order on AI in Education: Progress or Paradox?,2025-04-28,https://rebootdemocracy.ai/blog/ai-in-ed-order,"The White House's new executive order on AI education promises to prepare American students for an AI-driven future through challenges, partnerships, and teacher training.",Beth Simone Noveck,Governing AI; AI and Education,,,,
reboot-blog-28395,Reboot Democracy,blog-post,From Citizen to Senator: How Brazil is Reimagining Citizen Engagement in the Age of AI,2025-04-23,https://rebootdemocracy.ai/blog/ai-citizen-engagement-in-brazil,A recent Reboot Democracy series explored how Brazil’s Federal Senate is using AI and citizen engagement to improve the lawmaking process and the opportunities and limitations of these approaches.,Dane Gambrell; Beth Simone Noveck,AI and Lawmaking; AI and Public Engagement,,,,
reboot-blog-28394,Reboot Democracy,blog-post,"“If Everyone Understands AI, They’ll Find a Way to Use It”: How India Is Building a Future-Ready Civil Service",2025-04-20,https://rebootdemocracy.ai/blog/india-civil-service-reform-mission-karmayogi,"India is quietly rewriting the playbook for public service—training millions of officials in AI, policy, and more through Mission Karmayogi. From clerks to top officers, a digital learning revolution is underway to deliver citizen-centric and future-ready public services. Here's how they're doing it",Anirudh Dinesh,,,,,
reboot-blog-28393,Reboot Democracy,blog-post,Transforming democracy from within: A Closer Look at Brazil’s Citizen Engagement Initiatives in Parliament - Part 2,2025-04-16,https://rebootdemocracy.ai/blog/transforming-democracy-from-within-part-2,"Brazil’s parliamentary democratic innovations show how nations can achieve more open, inclusive, and participatory parliaments.",José Luis Marti,AI and Lawmaking; AI and Public Engagement,,,,
reboot-blog-28392,Reboot Democracy,blog-post,Designing AI With Communities: the AIEP Project,2025-04-15,https://rebootdemocracy.ai/blog/designing-ai-with-communities-education,"Together with hundreds of families, the Burnes Center for Social Change and Innovate Public Schools are co-designing an AI-powered tool designed to empower families to better understand and engage with their child’s individualized education plan (IEP).",Sofía Bosch Gómez,AI and Problem Solving; AI and Public Engagement,,,,
reboot-blog-28391,Reboot Democracy,blog-post,Transforming democracy from within: A Closer Look at Brazil’s Citizen Engagement Initiatives in Parliament - Part 1,2025-04-14,https://rebootdemocracy.ai/blog/transforming-democracy-from-within-part-1,Brazil’s Senate stands as a powerful example of how parliaments can use technology to make citizen engagement in lawmaking more accessible and meaningful.,José Luis Marti,AI and Lawmaking; AI and Public Engagement,,,,
reboot-blog-28390,Reboot Democracy,blog-post,Artificial Intelligence in the Fight Against Misinformation: A Conversation with Ed Bice,2025-04-09,https://rebootdemocracy.ai/blog/conversation-with-ed-bice,"How do we tackle misinformation when traditional strategies no longer work? That was the central question in our latest Rebooting Democracy in the Age of AI conversation with Ed Bice, 2024 Skoll Award Winner for Social Innovation and CEO of Meedan, a nonprofit organization focused on building tools…",Giorgia  Christiansen,,,,,
reboot-blog-28389,Reboot Democracy,blog-post,Advancing Brazil’s Citizen Engagement with AI: Reflections and Opportunities,2025-04-08,https://rebootdemocracy.ai/blog/advancing-brazil-citizen-engagement-ai,"A recent Reboot Democracy series, co-authored by the head of the Brazilian Senate's e-Citizenship Office, describes how the Brazilian Senate is—and hopes to expand—using artificial intelligence to enable greater citizen engagement in lawmaking.",Cristiano Ferri,AI and Lawmaking; AI and Public Engagement,,,,
reboot-blog-28388,Reboot Democracy,blog-post,Brazil’s Online Consultation System is Reimagining Democracy for the Digital Age,2025-04-07,https://rebootdemocracy.ai/blog/ai-lawmaking-brazil-senate-part-4,The Brazilian Senate's Public Consultation system has gathered over 30 million yes/no votes on legislation in the past decade from 15 million registered citizens.,Beth Simone Noveck; Dane Gambrell; Alisson Bruno Dias De Queiroz; Luis Kimaid,AI and Lawmaking; AI and Public Engagement; AI and Lawmaking in Brazil,,,,
reboot-blog-28387,Reboot Democracy,blog-post,How New Jersey's AI Task Force Used AI Agents to Develop Evidence-Based Policy Solutions with New Jersey Residents,2025-04-03,https://rebootdemocracy.ai/blog/new-jersey-ai-task-force-policy-recommendations,New Jersey's State AI Task Force used AI to develop more robust recommendations faster and with the benefit of large-scale community engagement.,Dane Gambrell,AI and Public Engagement; AI and Problem Solving,,,,
reboot-blog-28386,Reboot Democracy,blog-post,Brazil's Legislative Workshops: Using AI to Strengthen Youth Engagement,2025-04-02,https://rebootdemocracy.ai/blog/ai-lawmaking-brazil-senate-part-3,The Brazilian Senate's Legislative Workshop program teaches students how to develop legislative proposals in classroom settings.,Beth Simone Noveck; Dane Gambrell; Alisson Bruno Dias De Queiroz; Luis Kimaid,AI and Lawmaking; AI and Lawmaking in Brazil,,,,
reboot-blog-28385,Reboot Democracy,blog-post,Branching Out: A Third Legislative Chamber for the AI Age,2025-04-01,https://rebootdemocracy.ai/blog/third-house-government-AI,"The proliferation and collection of large amounts of citizens’ data has led to the rise of ""political machines"" – AI systems used in government to make decisions around resource allocation.",Eduardo  Albrecht,AI and Lawmaking,,,,
reboot-blog-28384,Reboot Democracy,blog-post,The Interactive Event: Using AI to Improve Citizen Engagement in Legislative Hearings - Insights from Brazil,2025-03-31,https://rebootdemocracy.ai/blog/ai-lawmaking-brazil-senate-part-2,"Brazil's Senate has revolutionized citizen engagement, fielding 69,000 public questions across 440 committee hearings in 2024, with senators responding to 90%.",Beth Simone Noveck; Dane Gambrell; Alisson Bruno Dias De Queiroz; Luis Kimaid,AI and Lawmaking; AI and Lawmaking in Brazil,,,,
reboot-blog-28382,Reboot Democracy,blog-post,States Leading the Way: Why We're Convening State Leaders to Shape America's AI Future,2025-03-27,https://rebootdemocracy.ai/blog/States-Leading-the-Way,"While federal AI policy shifts toward deregulation, my fellow state AI leaders will gather in June with researchers, entrepreneurs, and technologists at Princeton University under the auspices of the National Governors Association, the Center for Public Sector AI, the NJ AI Hub, InnovateUS and the…",Beth Simone Noveck,AI and Service Delivery; Governing AI; AI and Public Engagement,,,,
reboot-blog-28383,Reboot Democracy,blog-post,News That Caught Our Eye #51,2025-03-27,https://rebootdemocracy.ai/blog/news-that-caught-our-eye-51,In the news this week: The Reboot Blog on why state leaders are meeting at Princeton University this June to develop practical frameworks for responsible AI use.,Angelique Casem; Dane Gambrell,News That Caught Our Eye,,,,
reboot-blog-28360,Reboot Democracy,blog-post,From Citizen to Senator: Artificial Intelligence and the Reinvention of Citizen Lawmaking in Brazil,2025-03-26,https://rebootdemocracy.ai/blog/ai-lawmaking-brazil-senate,"Brazil's Federal Senate has pioneered four innovative citizen participation mechanisms that transform ordinary Brazilians from occasional voters into active lawmakers, with over 120,000 legislative ideas submitted and 11 million votes cast.",Beth Simone Noveck; Luis Kimaid; Alisson Bruno Dias De Queiroz; Dane Gambrell,AI and Lawmaking; AI and Lawmaking in Brazil,,,,
reboot-blog-28359,Reboot Democracy,blog-post,Our Love-Hate Relationship with Digital Technology,2025-03-24,https://rebootdemocracy.ai/blog/love-hate-digital-technology,Many Americans are fearful in important ways about AI – particularly generative AI and large language models (LLMs) – and yet the user base is exploding. New research from the Imagining the Digital Future Center at Elon University looks at our love-hate relationship with emerging technologies.,Lee Rainie,AI Tools,,,,
reboot-blog-28358,Reboot Democracy,blog-post,News That Caught Our Eye #50,2025-03-20,https://rebootdemocracy.ai/blog/news-that-caught-our-eye-50,In the news this week: A report from the Center for Democracy & Technology finds that civic tech organizations in Mexico & Taiwan effectively used AI tools to combat AI-driven information in last year’s elections while Cornell’s Frank Pasquale argues that AI poses a threat to democratic processes.,Angelique Casem; Dane Gambrell,News That Caught Our Eye,,,,
reboot-blog-28356,Reboot Democracy,blog-post,Bringing Citizens into the Courtroom: How Digital Technologies Can Democratize Constitutional Justice,2025-03-19,https://rebootdemocracy.ai/blog/Bringing-Citizens-into-the-Courtroom,"Constitutional courts remain disconnected from the citizens they ultimately serve, but AI could transform this relationship.",Alejandro Cortés-Arbeláez,AI and Public Engagement,,,,
reboot-blog-28355,Reboot Democracy,blog-post,The Peacemaking Machine: Can AI Improve Democratic Deliberation?,2025-03-18,https://rebootdemocracy.ai/blog/habermas-machine-%20workshop,"""Democracy relies on the exchange of ideas, conversations, and deliberation. This has been true since Athenian democracy and remains crucial today—perhaps more so than ever. However, meaningful deliberation is becoming increasingly difficult."" — Professor Michiel Bakker, MIT/DeepMind",Giorgia Christiansen,,,,,
reboot-blog-28354,Reboot Democracy,blog-post,AI Will Completely Transform Local Government in the Next 10 Years— If We Embrace It Effectively,2025-03-14,https://rebootdemocracy.ai/blog/ai-will-completely-transform-local-government-in-the-next-10-years-if-we-embrace-it-effectively,"AI will transform local government. To ensure these changes improve service delivery, we need to invest in training and culture change in local government.",Neil Kleiman,AI and Service Delivery,,,,
reboot-blog-28352,Reboot Democracy,blog-post,News That Caught Our Eye #49,2025-03-13,https://rebootdemocracy.ai/blog/news-that-caught-our-eye-49,"In the news this week: Tech groups warn that budget cuts to the National Institute of Standards and Technology could undermine US AI leadership, urging officials to preserve the agency's critical role in standards development.",Angelique Casem; Dane Gambrell,News That Caught Our Eye,,,,
reboot-blog-28353,Reboot Democracy,blog-post,Investing in You: Free Upskilling for Public Professionals Impacted by Federal Layoffs,2025-03-13,https://rebootdemocracy.ai/blog/investing-in-you-free-upskilling-for-public-professionals-impacted-by-federal-layoffs,"Impacted by the layoffs in the federal government? We're here to help. Reboot Democracy and its partner projects Power at Work and InnovateUS have curated a set of free training resources designed to help you build new skills and knowledge to prepare for re-entering the job market, whether in the…",,,,,,
reboot-blog-28351,Reboot Democracy,blog-post,Artificial Intelligence in the Fight Against Misinformation: A Conversation with Ed Bice,2025-03-10,https://rebootdemocracy.ai/blog/a-conversation-with-ed-bice,"Join us on March 20 at 5 p.m. ET for Artificial Intelligence in the Fight Against Misinformation: A Conversation with Ed Bice, CEO of Meedan and 2024 Skoll Award winner.",Angelique Casem,,,,,
reboot-blog-28350,Reboot Democracy,blog-post,The Federation of American Scientists Call on OMB to Maintain the Agency AI Use Case Inventories at Their Current Level of Detail,2025-03-06,https://rebootdemocracy.ai/blog/fas-omb-ai-use-case-letter,"To support continued transparency and accountability in government AI use, the Federation of American Scientists has written a letter urging OMB to maintain its detailed guidance on AI inventories.",Clara  Langevin,Governing AI,,,,
reboot-blog-28348,Reboot Democracy,blog-post,"Internet Archive Book Talk - Thursday, March 13 Copyright, AI, and Great Power Competition",2025-03-05,https://rebootdemocracy.ai/blog/internet-archive-book-talk-thursday-march-13-copyright-ai-and-great-power-competition,"Join the Internet Archive on Thursday, March 13 for a thought-provoking discussion on Copyright, AI, and Great Power Competition, a new paper by Joshua Levine and Tim Hwang.",,Governing AI,,,,
reboot-blog-28349,Reboot Democracy,blog-post,News That Caught Our Eye #48,2025-03-05,https://rebootdemocracy.ai/blog/news-that-caught-our-eye-48,"In the news this week: Beth Simone Noveck raises concerns about President Trump's nominee to lead the Office of Science and Technology Policy, arguing the nomination reveals a national AI strategy lacking vision beyond deregulation and failing to address AI's role in government modernization.",Dane Gambrell,News That Caught Our Eye,,,,
reboot-blog-28346,Reboot Democracy,blog-post,"America First, Science Last? Kratsios Hearing Signals Empty AI Strategy",2025-03-03,https://rebootdemocracy.ai/blog/america-first-science-last-kratsios-hearing-signals-empty-ai-strategy,Trump's pick to lead OSTP professed American AI leadership at his confirmation hearing while ignoring the dismantling of the very scientific institutions that sustain it.,Beth Simone Noveck,Governing AI,,,,
reboot-blog-28294,Reboot Democracy,blog-post,Research Radar: The Peacemaking Machine? How AI can help humans find common ground in democratic deliberation,2025-02-27,https://rebootdemocracy.ai/blog/habermas-machine,"Join us in-person or online on Thursday, February 27 at 4 p.m. ET for a live conversation. https://rebootdemocracy.ai/events about the ""Habermas Machine"" and new research from Google Deep Mind showing that AI can help groups find common ground on controversial issues.",Beth Simone Noveck,,,,,
reboot-blog-28343,Reboot Democracy,blog-post,How Tech Oligarchs Are Using AI Hype to Push Mass Layoffs,2025-02-27,https://rebootdemocracy.ai/blog/ai-hype-mass-layoffs,"AI is part of the rationale behind the DOGE-led mass layoffs in the federal government, as well as recent job cuts by tech firms. Through collective action, workers are showing that AI's impact isn't predetermined by technology – it can be shaped through worker power.",Dane Gambrell,,,,,
reboot-blog-28344,Reboot Democracy,blog-post,News That Caught Our Eye #47,2025-02-27,https://rebootdemocracy.ai/blog/news-that-caught-our-eye-47,McKinsey explores the rise of AI in the workplace while Pew finds that half of workers (52%) say they’re worried about AI at work and Dane Gambrell argues that AI is being used as an excuse for mass layoffs in the federal government.,Angelique Casem; Dane Gambrell,News That Caught Our Eye,,,,
reboot-blog-28345,Reboot Democracy,blog-post,AI in the Classroom: Key Insights from the Rethinking Reading Workshop Series,2025-02-27,https://rebootdemocracy.ai/blog/ai-classroom-reading,A workshop series shows how AI tools are helping to transform literacy education.,Agueda  Quiroga,AI and Problem Solving,,,,
reboot-blog-28340,Reboot Democracy,blog-post,Understanding the Role of GenAI in Elections: A Crucial Endeavor for 2024,2025-02-21,https://rebootdemocracy.ai/blog/understanding-the-role-of-genAI-in-elections,"With over 70 national elections held in 2024, concerns around genAI’s potential to disrupt democratic integrity were at an all-time high.",Fernanda Sauca,,,,,
reboot-blog-28338,Reboot Democracy,blog-post,News That Caught Our Eye #45,2025-02-14,https://rebootdemocracy.ai/blog/news-that-caught-our-eye-45,This week in the headlines: Canada’s Justin Longo writes about governments using AI to deliver multilingual services while Elon Musk is developing a chatbot for the federal government called GSAi in an effort to reduce the federal workforce. Workday and Klarna are laying off workers because of AI.,Angelique Casem; Dane Gambrell,News That Caught Our Eye,,,,
reboot-blog-28337,Reboot Democracy,blog-post,"Artificial Bilingualism, Public Service Delivery, and Democratic Pluralism",2025-02-13,https://rebootdemocracy.ai/blog/machine-translation-multilingual-societies,"For Canada and other multilingual societies, advances in machine translation could provide great opportunities to improve service delivery and access to government.",Justin Longo,AI and Service Delivery,,,,
reboot-blog-28336,Reboot Democracy,blog-post,News That Caught Our Eye #44,2025-02-05,https://rebootdemocracy.ai/blog/news-that-caught-our-eye-44,An AEI report argues that AI isn't ready to draft regulations while the EU starts enforcing theirs. OpenAI made progress with AI Agents and New Jersey unveiled its $72M AI Hub at Princeton. Code for America published an “AI Cheat Sheet” for government and Canada explores a Citizens Assembly on AI.,Angelique Casem; Dane Gambrell,News That Caught Our Eye,,,,
reboot-blog-28335,Reboot Democracy,blog-post,Driving Product Model Development with the Technology Modernization Fund,2025-02-04,https://rebootdemocracy.ai/blog/driving-product-model-development-with-the-technology-modernization-fund,The Technology Modernization Fund (TMF) currently funds multiyear technology projects to help agencies improve their service delivery.,Beth Simone Noveck; Ben Bain; Lynn Overmann; Jennifer Pahlka,,,,,
reboot-blog-28332,Reboot Democracy,blog-post,Who Participates in Digital Democracy – and Who Really Benefits?,2025-02-03,https://rebootdemocracy.ai/blog/Who-Participates-in-Digital-Democracy,"Who participates in digital democracy doesn’t always determine who benefits – what matters is whether and how governments respond. If they don’t respond, or if their response isn’t inclusive, even the broadest participation means little.",Fredrik M. Sjoberg; Tiago C. Peixoto,AI and Public Engagement,,,,
reboot-blog-28334,Reboot Democracy,blog-post,The Peacemaking Machine: A conversation with MIT and Deepmind's Micheal Henry Tessler and Michiel A. Bakker,2025-02-03,https://rebootdemocracy.ai/blog/the-peacemaking-machine,"Join us for a conversation with MIT and Deepmind’s Michael Henry Tessler and Michiel A. Bakker on February 27 at Northeastern University. Tessler and Bakker will unveil their groundbreaking ""Habermas Machine,"" tested with over 5,700 UK participants.",Angelique Casem,AI and Public Engagement; AI and Lawmaking,,,,
reboot-blog-28331,Reboot Democracy,blog-post,News That Caught Our Eye #43,2025-01-30,https://rebootdemocracy.ai/blog/news-that-caught-our-eye-43,Montgomery County’s Michael Baskin uses AI as a disaster planning partner while the Bank of Canada’s Stephanie Kelton uses AI as an economic simulation planning partner and Harvard Business School's Mitch Weiss uses AI agents for just about everything.,Angelique Casem; Dane Gambrell,News That Caught Our Eye,,,,
reboot-blog-28330,Reboot Democracy,blog-post,"Ready for Wildfire: Using GenAI as a ""Practice Partner"" for Future-Ready Governments",2025-01-29,https://rebootdemocracy.ai/blog/ready-for-wildfire-ai-practice-partner,"To be ready for emergent futures, organizations need to shift from having planned to being prepared. Practice closes the readiness gap. Organizations and leaders that re-imagine GenAI as a ""practice partner” can build adaptive, resilient organizations that are ready for what’s coming.",Michael Baskin,AI and Service Delivery,,,,
reboot-blog-28329,Reboot Democracy,blog-post,Innovation at the Library of Congress with Natalie Buda Smith,2025-01-24,https://rebootdemocracy.ai/blog/innovation-at-the-library-of-congress-with-natalie-buda-smith,"Natalie Buda Smith, Director of Digital Strategy at the Library of Congress, presents her team’s work investigating how Congress can use artificial intelligence to enhance its operations.",Beth Simone Noveck; Giorgia  Christiansen,,,,,
reboot-blog-28328,Reboot Democracy,blog-post,News That Caught Our Eye #42,2025-01-23,https://rebootdemocracy.ai/blog/news-that-caught-our-eye-42,"In a major shift in U.S. AI policy, President Trump has issued an executive order repealing President Biden's previous AI safety regulations and announced the ""Stargate"" initiative, a $100 billion program aimed at strengthening U.S. AI infrastructure.",Angelique Casem; Dane Gambrell,News That Caught Our Eye,,,,
reboot-blog-28326,Reboot Democracy,blog-post,Beyond AI Regulation: New Executive Orders Show Government Embracing AI as Infrastructure,2025-01-17,https://rebootdemocracy.ai/blog/final_Biden_AI_Orders,"The Biden Administration's final executive orders on AI mark a shift from regulation to embracing AI as critical infrastructure, but their framing as national security imperatives misses an opportunity to champion AI's role in strengthening democratic governance.",Beth Simone Noveck,,,,,
reboot-blog-28327,Reboot Democracy,blog-post,News That Caught Our Eye #41,2025-01-17,https://rebootdemocracy.ai/blog/news-that-caught-our-eye-41,New This Week! The Biden Administration's swan song on AI policy arrived this week with two executive orders - one on AI infrastructure and another on cybersecurity.,Dane Gambrell; Angelique Casem,News That Caught Our Eye,,,,
reboot-blog-28325,Reboot Democracy,blog-post,New Jersey Issues Landmark Guidance on AI and Algorithmic Discrimination,2025-01-13,https://rebootdemocracy.ai/blog/new-jersey-issues-landmark-guidance-on-ai-and-algorithmic-discrimination,New Jersey's Division on Civil Rights has issued clear guidance that puts organizations on notice: using AI or automated decision-making tools doesn't exempt you from anti-discrimination laws.,Beth Simone Noveck,,,,,
reboot-blog-28324,Reboot Democracy,blog-post,An AI Opportunity: California's Wildfire Detection System,2025-01-12,https://rebootdemocracy.ai/blog/AI_wildwires,"The Palisades Fire in Los Angeles reveals both the potential and limitations of AI in public safety. Extreme conditions, including high winds, led to the fires.",Beth Simone Noveck,AI and Service Delivery; AI and Problem Solving,,,,
reboot-blog-28323,Reboot Democracy,blog-post,"News That Caught Our Eye #40: January 10, 2025",2025-01-10,https://rebootdemocracy.ai/blog/news-that-caught-our-eye-40,AI News This Week: Congressional rules package instructs officials in the U.S. House of Representatives to continue to integrate AI into House operations.,Angelique Casem; Dane Gambrell,,,,,
reboot-blog-28322,Reboot Democracy,blog-post,AI and the Future of Lawmaking: Innovation at the Library of Congress,2025-01-09,https://rebootdemocracy.ai/blog/ai-and-the-future-of-lawmaking-innovation-at-the-library-of-congress,Join us for a Zoom lecture with Natalie Buda Smith and Dr. Beth Simone Noveck exploring AI's role in legislative innovation and democracy.,Angelique Casem,,,,,
reboot-blog-28321,Reboot Democracy,blog-post,A New Research Agenda for AI and Civic Engagement,2025-01-08,https://rebootdemocracy.ai/blog/AI-and-the-Future-of-Digital-Public-Squares,A new paper lays out a research agenda for further developing the use of large language models to create more deliberative and healthier digital public squares.,Dane Gambrell,AI and Public Engagement,,,,
reboot-blog-28320,Reboot Democracy,blog-post,"News That Caught Our Eye #39: December 18, 2024",2024-12-18,https://rebootdemocracy.ai/blog/news-that-caught-our-eye-39,"This special holiday edition of AI News explores how technology is transforming the festive season! This week in AI News: OpenAI launched “12 Days of OpenAI,” featuring daily updates, demos, and product announcements. Highlights include the o1 reasoning model, ChatGPT Pro business tier, and more.",Dane Gambrell; Angelique Casem,,,,,
reboot-blog-28319,Reboot Democracy,blog-post,"Agents for the few, queues for the many – or agents for all?",2024-12-16,https://rebootdemocracy.ai/blog/ai-agents-for-the-few,Closing the public services divide by regulating for AI’s opportunities.,Tiago C. Peixoto; Luke Jordan,AI and Service Delivery,,,,
reboot-blog-28317,Reboot Democracy,blog-post,"Smart City, Smarter Citizens with Mayor San-Cheng Chang",2024-12-06,https://rebootdemocracy.ai/blog/smart-city-smarter-citizens-with-mayor-san-cheng-chang,"View the full conversation from the December 5, 2024 lecture by Mayor San-Cheng Chang, moderated by Beth Simone Noveck.",Ayush Khanvilkar; Angelique Casem,AI and Public Engagement; AI and Lawmaking,,,,
reboot-blog-28315,Reboot Democracy,blog-post,"In New Jersey, using AI starts with empowering employees",2024-12-04,https://rebootdemocracy.ai/blog/in-new-jersey-using-ai-starts-with-empowering-employees,"Beth Simone Noveck highlights New Jersey’s AI initiative, training 10,000 state employees to responsibly leverage AI. This workforce-led approach improves services, fosters innovation, and sets a model for other governments.",Beth Simone Noveck,,,,,
reboot-blog-28314,Reboot Democracy,blog-post,EVENT: Join us December 5 for a conversation on smart cities with Dr. San-Cheng Chang,2024-12-02,https://rebootdemocracy.ai/blog/Dr.-San-Cheng-Chang,"Join us on Thursday, December 5 at 6 p.m. ET for an inspiring conversation with Dr. San-Cheng (Simon) Chang, Mayor of Taoyuan and former Taiwanese Premier as he showcases how the city harnesses artificial intelligence to enhance governance.",Autumn Sloboda,,,,,
reboot-blog-28311,Reboot Democracy,blog-post,Frank McCourt on Our Biggest Fight and Future of TikTok,2024-11-20,https://rebootdemocracy.ai/blog/frank-mccourt-on-our-biggest-fight-and-future-of-tiktok,McCourt was our guest in the Rebooting Democracy in the Age of AI Lecture Series this week where he talked about what’s wrong with Big Tech and his hope to acquire TikTok and begin to fix the challenges.,Beth Simone Noveck,,,,,
reboot-blog-28308,Reboot Democracy,blog-post,"Mass. should follow Calif.’s lead, use AI to shed light on lawmakers",2024-11-13,https://rebootdemocracy.ai/blog/Letter-to-the-boston-globe,"Following criticism of Massachusetts' legislative opacity and a vote granting the state auditor oversight powers, my letter to the Globe argues we should adopt California's successful AI-driven legislative transparency model.",Beth Simone Noveck,,,,,
reboot-blog-28303,Reboot Democracy,blog-post,EVENT: Join us November 19 to discuss “Our Biggest Fight” with Frank McCourt,2024-11-12,https://rebootdemocracy.ai/blog/Event-Frank-McCourt,"Join us on November 19 at 5 p.m. ET for a conversation with Frank H. McCourt, Jr.",Autumn Sloboda,,,,,
reboot-blog-28306,Reboot Democracy,blog-post,Two open faculty AI governance jobs at Northeastern College of Social Sciences,2024-11-12,https://rebootdemocracy.ai/blog/two-open-faculty-ai-governance-jobs-at-northeastern-college-of-social-sciences,"Successful candidates will teach undergraduate and graduate courses and will be working on the advancement of Responsible AI/Democracy at one or more scales, including but not limited to global/diplomatic, national, municipal/local, and grassroots/community, and may have experience with the roles…",Beth Simone Noveck,,,,,
reboot-blog-28307,Reboot Democracy,blog-post,New Jersey Releases Artificial Intelligence Task Force Report,2024-11-12,https://rebootdemocracy.ai/blog/new-jersey-releases-artificial-intelligence-task-force-report,"The report details recommendations that aim to create economic opportunities for residents and businesses, encourage ethical use of AI technologies, promote equitable outcomes, support public and private workforces, and improve government services and the resident experience.",Beth Simone Noveck,,,,,
reboot-blog-28300,Reboot Democracy,blog-post,Leveraging AI to Promote Fair Elections with Dr. Jeanine Abrams McLean and Kate Gage,2024-11-03,https://rebootdemocracy.ai/blog/Leveraging-AI-to-Promote-Fair-Elections,"View the full conversation from the October 30, 2024 lecture by Dr. Jeanine Abrams McLean and Kate Gage.",Autumn Sloboda,,,,,
reboot-blog-28260,Reboot Democracy,blog-post,Audrey Tang: Alignment Assemblies can enable us to govern AI collaboratively.,2024-11-01,https://rebootdemocracy.ai/blog/audrey-tang-ai-democracy,Taiwan's first Digital Minister describes how collective intelligence can be harnessed to strengthen democratic governance and build a collaborative approach to global AI safety.,,AI and Lawmaking; AI and Public Engagement,,,,
reboot-blog-28298,Reboot Democracy,blog-post,Building Worker Power in the AI Age: A Blueprint from DOL,2024-10-31,https://rebootdemocracy.ai/blog/Building-Worker-Power-in-the-AI-Age,The U.S. Department of Labor has issued new recommendations to guide employers and tech developers on implementing AI in ways that enhance rather than undermine worker power.,Dane Gambrell; Beth Simone Noveck; Seth Harris,,,,,
reboot-blog-28297,Reboot Democracy,blog-post,"EVENT: Join us October 30: Kate Gage and Jeanine Abrams McLean on ""Leveraging AI to Promote Fair Elections""",2024-10-28,https://rebootdemocracy.ai/blog/Kate-Gage-and-Jeanine-Abrams-McLean,"The Burnes Center for Social Change and The Governance Lab, in collaboration with the Institute for Experiential AI, invite you to the next lecture in our series: Rebooting Democracy in the Age of AI, on Wednesday, October 30, at 5 p.m. ET! This upcoming session features Dr.",Autumn Sloboda,,,,,
reboot-blog-28295,Reboot Democracy,blog-post,The Center for Public Sector AI's Comprehensive Guide to State and Local AI Policies,2024-10-24,https://rebootdemocracy.ai/blog/The-Center-for-Public-Sector-AI's-Comprehensive-Guide-to-State-and-Local-AI-Policies,"State and local governments are quickly adopting AI, but they need clear, organized guidance for responsible implementation. The Center for Public Sector AI has created a resource to help.",Autumn Sloboda,,,,,
reboot-blog-28296,Reboot Democracy,blog-post,"News That Caught Our Eye #33: October 24, 2024",2024-10-24,https://rebootdemocracy.ai/blog/News-That-Caught-Our-Eye-10-24,"This Week in AI News: The U.S. Department of Labor introduced a new roadmap designed to ensure AI enhances job quality while safeguarding worker rights. A recent study demonstrated how AI can facilitate common ground in democratic discussions, highlighting its potential to reduce division.",Autumn Sloboda; Domenick Gaita,,,,,
reboot-blog-28293,Reboot Democracy,blog-post,The Dark Side of Progress: Harari's Grim AI Predictions in Nexus,2024-10-21,https://rebootdemocracy.ai/blog/nexus,"Nexus offers a sweeping historical exploration of information networks, illustrating how technology has shaped and reinforced power dynamics. Harari’s pessimistic outlook on AI highlights its potential dangers but falls short in proposing solutions.",Beth Simone Noveck,,,,,
reboot-blog-28290,Reboot Democracy,blog-post,How Singapore’s Policymakers Are Experimenting With AI to Make Data-Driven Decisions,2024-10-08,https://rebootdemocracy.ai/blog/How-Singapores-Policymakers-are-Experimenting-with-AI,"Sense is a powerful AI-driven tool enabling Singapore's public service officers to make data-driven decisions effortlessly by querying complex datasets in natural language, revolutionizing the accessibility of government data.",Giulio Quaggiotto,,,,,
reboot-blog-28288,Reboot Democracy,blog-post,"Rebooting Democracy - News That Caught Our Eye: September 25, 2024",2024-09-25,https://rebootdemocracy.ai/blog/News-That-Caught-Our-Eye-Sept-25,It’s UN General Assembly week and there are lots of stories in this week’s news on international collaboration: The U.S.,Autumn Sloboda; Domenick Gaita,News That Caught Our Eye,,,,
reboot-blog-28286,Reboot Democracy,blog-post,Announced the Reboot Democracy Chatbot: How AI Can Help Uncover Hidden Knowledge and Find Answers to the World’s Problems,2024-09-24,https://rebootdemocracy.ai/blog/announced-the-reboot-democracy-chatbot-how-ai-can-help-uncover-hidden-knowledge-and-find-answers-to-the-worlds-problems,"A chatbot can assist policymakers, the public, and researchers in accessing a wide array of existing research, legislative and regulatory documents, case studies, and reports, enabling us to craft policies that are informed by a comprehensive understanding of historical context and current best…",Beth Simone Noveck,AI and Public Engagement; AI Tools; AI and Problem Solving; AI and Service Delivery,,,,
reboot-blog-28287,Reboot Democracy,blog-post,Really Awesome Gadget: The Democracy Rebooted Chatbot and Retrieval Augmented Generation,2024-09-24,https://rebootdemocracy.ai/blog/really-awesome-gadget-the-democracy-rebooted-chatbot-and-retrieval-augmented-generation,Interview with Róbert Bjanson and Stephan Schmidt about the Reboot Democracy Chatbot. (edited for clarity and brevity),,AI Tools; AI and Service Delivery; AI and Public Engagement,,,,
reboot-blog-28285,Reboot Democracy,blog-post,"Definitions, digital, and distance: on AI and policymaking",2024-09-23,https://rebootdemocracy.ai/blog/definitions-ai-policymaking,"Human decisions will drive the deployment of technology in policymaking, for good and ill. Better policymaking should make lives better for humans, which is why we should listen to them.",Gavin Freeguard,AI and Lawmaking,,,,
reboot-blog-28284,Reboot Democracy,blog-post,The Reboot Democracy News that Caught Our Eye Podcast: Experimenting with NotebookLM,2024-09-20,https://rebootdemocracy.ai/blog/experimenting-with-nootebooklm,"AI is revolutionizing the way we learn, offering new ways to engage with content. One of those exciting advancements is the ability to transform written digital content into coherent and professional audio formats.",Autumn Sloboda,,,,,
reboot-blog-28280,Reboot Democracy,blog-post,Audrey Tang and Beth Noveck on Digital Infrastructure for Civic Participation,2024-09-19,https://rebootdemocracy.ai/blog/digital-participation-infrastructure,"In a Q&A with New America, Audrey Tang and Beth Simone Noveck discuss the international landscape of civic participation, and the digital infrastructure we need to support collaborative, inclusive, and democratic communities.",Beth Simone Noveck; Audrey Tang,AI Tools; AI and Problem Solving; AI and Public Engagement,,,,
reboot-blog-28281,Reboot Democracy,blog-post,Could Congress Leverage AI to Help Restore Faith in US Democracy?,2024-09-19,https://rebootdemocracy.ai/blog/Congress-Leverage-Faith-Democracy-Kelly,"With a commitment to embracing technology and leveraging constituent data, Congress has a promising opportunity to modernize its operations and rejuvenate democracy, fostering greater engagement and trust in the political process.",Lorelei Kelly,AI and Public Engagement,,,,
reboot-blog-28282,Reboot Democracy,blog-post,The 2024 Computation + Journalism Symposium,2024-09-19,https://rebootdemocracy.ai/blog/the-2024-computation-and-journalism-symposium,Join Northeastern's Internet Democracy Initiative for the 2024 Computation + Journalism Symposium.,Autumn Sloboda,,,,,
reboot-blog-28283,Reboot Democracy,blog-post,Building a More Public AI Ecosystem: Insights from Lawrence Lessig,2024-09-19,https://rebootdemocracy.ai/blog/building-a-more-public-ai-ecosystem-lawrence-lessig,,Autumn Sloboda,,,,,
reboot-blog-28278,Reboot Democracy,blog-post,Call for Abstracts: Artificial Intelligence and Democratic Freedoms,2024-09-17,https://rebootdemocracy.ai/blog/call-for-abstract-ai-symposium,"Through this Friday, the Knight First Amendment Institute at Columbia University is inviting submissions for a spring 2025 symposium focused on how institutions can prepare for the potential impacts of AI on democratic freedoms.",Dane Gambrell,,,,,
reboot-blog-28277,Reboot Democracy,blog-post,California's Digital Democracy: Using AI to Enhance Legislative Transparency,2024-09-16,https://rebootdemocracy.ai/blog/lecture-series-david-lesher-legislative-transparency,"View the full conversation from the Sept 12, 2024 lecture by David Lesher with remarks from Senator Andrew Zwicker",Ayush Khanvilkar,AI and Problem Solving,,,,
reboot-blog-28272,Reboot Democracy,blog-post,"News That Caught Our Eye #27: September 9, 2024",2024-09-09,https://rebootdemocracy.ai/blog/news-that-caught-our-eye-27,In the news this week: US seizes Russian websites used in bid to influence elections; how AI is transforming farming; and the latest stories about technology companies integrating AI in education.,Domenick Gaita; Autumn Sloboda,News That Caught Our Eye,,,,
reboot-blog-28274,Reboot Democracy,blog-post,Rebooting Democracy in the Age of AI Lecture Series Returns on September 12,2024-09-09,https://rebootdemocracy.ai/blog/democracy-lecture-series-fall-2024,"The Rebooting Democracy in the Age of AI lecture series, which kicks off this Thursday, brings together changemakers from a variety of fields to explore how AI can offer fresh solutions to the challenges facing modern democratic governance.",Autumn Sloboda,AI and Public Engagement; AI and Problem Solving; AI and Lawmaking,,,,
reboot-blog-28275,Reboot Democracy,blog-post,"EVENT: Join us on September 12 for a conversation with David Lesher on ""Using AI to Foster Legislative Transparency""",2024-09-09,https://rebootdemocracy.ai/blog/lecture-series-david-lesher-digital-democracy,"The Rebooting Democracy in the Age of AI lecture series returns on September 12 with David Lesher, a veteran California journalist and state policy expert and the creator of Digital Democracy.",Domenick Gaita,AI and Lawmaking,,,,
reboot-blog-28271,Reboot Democracy,blog-post,FCC Proposes New Rules for AI-Generated Content in Political Ads,2024-09-05,https://rebootdemocracy.ai/blog/fcc-proposes-ai-disclosure-political-ads,"Under the proposed rules, broadcasters would be required to disclose instances where AI-generated content is used in political advertisements that appear on television and on the radio.",Dane Gambrell,,,,,
reboot-blog-28270,Reboot Democracy,blog-post,"News That Caught Our Eye #26: August 30, 2024",2024-08-30,https://rebootdemocracy.ai/blog/news-that-caught-our-eye-26,"Our news roundup this week explores how the California AI bill is dividing silicon valley with many tech giants calling it a threat, how police have begun using AI to write incident reports, Colorado county employing AI for emergency communications, and much more.",Angelique Casem,News That Caught Our Eye,,,,
reboot-blog-28269,Reboot Democracy,blog-post,"News That Caught Our Eye #25: August 21, 2024",2024-08-21,https://rebootdemocracy.ai/blog/news-that-caught-our-eye-25,In the news this week: New insights from state IT leaders and public servants on how AI may (or may not) transform government agencies' work; how USAID and DARPA are experimenting with AI to solve problems; and the latest stories about AI-driven misinformation targeting elections and how platforms…,Dane Gambrell,,,,,
reboot-blog-28268,Reboot Democracy,blog-post,"News That Caught Our Eye #24: August 14, 2024",2024-08-14,https://rebootdemocracy.ai/blog/news-that-caught-our-eye-24,"This week’s stories delve into AI's role in policymaking, from reshaping public-interest investment strategies to modernizing Congress to improving economic forecasting. Other stories cover new efforts to use AI to automate scientific discovery and social science experiments.",Dane Gambrell,News That Caught Our Eye,,,,
reboot-blog-28267,Reboot Democracy,blog-post,"News That Caught Our Eye #23: August 7, 2024",2024-08-07,https://rebootdemocracy.ai/blog/news-that-caught-our-eye-23,"Our news roundup this week explores how public institutions are using AI to support public defenders in Kentucky, bolster training for public servants in California, and help New York City improve services from transportation to education.",Dane Gambrell,News That Caught Our Eye,,,,
reboot-blog-28266,Reboot Democracy,blog-post,Philosophy can help us to understand AI's impact on democracy,2024-08-06,https://rebootdemocracy.ai/blog/philosophy-is-crucial-in-the-age-of-ai,OpenAI anticipates “superintelligence” – AI surpassing human abilities – this decade and is dedicating resources to align AI with human values.,,,,,,
reboot-blog-28264,Reboot Democracy,blog-post,How AI chatbots could improve civic engagement in the 2024 election,2024-08-01,https://rebootdemocracy.ai/blog/How-AI-chatbots-could-improve-civic-engagement,Election officials have the authority and responsibility to ensure voters have access to the best possible tools for making informed decisions. So why isn’t AI part of the equation?,Beth Simone Noveck,,,,,
reboot-blog-28265,Reboot Democracy,blog-post,A New Resource For How Parliaments Can Use AI,2024-08-01,https://rebootdemocracy.ai/blog/ai-use-cases-parliament-ipu,A new resource from the Inter-Parliamentary Union collects AI use cases aimed at lawmaking bodies.,Dane Gambrell,AI and Lawmaking; AI and Public Engagement,,,,
reboot-blog-28263,Reboot Democracy,blog-post,"News That Caught Our Eye #22: July 31, 2024",2024-07-31,https://rebootdemocracy.ai/blog/News-That-Caught-Our-Eye-22,"In the news this week: New research insights on how we can better understand and address democratic backsliding, how scientists are using AI to improve weather forecasting and the detection of wildfires, Brazil’s $4 billion plan to build the nation’s AI industry, and much more.",Dane Gambrell,News That Caught Our Eye,,,,
reboot-blog-28261,Reboot Democracy,blog-post,"Using AI? Learn How, Says the ABA to Lawyers in a Formal Opinion",2024-07-30,https://rebootdemocracy.ai/blog/ABA-GENAI,"Yesterday the American Bar Association published a formal opinion, declaring that under the ABA Model Rules of Professional Conduct, lawyers using generative AI have a “duty of competence” to develop an “understanding of the evolving nature of GAI.” This is why InnovateUS is launching a new GenAI…",Beth Simone Noveck,,,,,
reboot-blog-28262,Reboot Democracy,blog-post,AI and You: How New Jersey Is Using Collective Intelligence to Get Smarter on AI,2024-07-30,https://rebootdemocracy.ai/blog/ai-and-you-all-our-ideas-new-jersey,The GovLab is supporting New Jersey’s AI Task Force in using the online engagement tool All Our Ideas to ask workers for their opinions on how AI will impact the Garden State’s workforce.,Dane Gambrell,AI and Lawmaking; AI Tools; AI and Public Engagement,,,,
reboot-blog-28258,Reboot Democracy,blog-post,InnovateUS launches Responsible AI for Public Professionals: Using Generative AI at Work,2024-07-11,https://rebootdemocracy.ai/blog/innovateus-launches-responsible-ai-for-public-professionals-using-generative-ai-at-work,"InnovateUS launches the ""Responsible AI for Public Professionals"" course, enabling public sector employees to use generative AI responsibly. This free, self-paced course covers drafting documents, analyzing data, brainstorming, and communication.",Beth Simone Noveck; Jessica Silverman,AI and Public Engagement; AI and Lawmaking,,,,
reboot-blog-28255,Reboot Democracy,blog-post,Mitchell Weiss: What will AI do in government? A lot.,2024-06-25,https://rebootdemocracy.ai/blog/mitchell-weiss-AI-in-government,"Author and Professor at Harvard Business School, Mitchell Weiss — self-described fan of metaphors — blogs a vision for AI as a multi-tasking, many-handed ""Chief of Stuff"" within government services.",,AI and Service Delivery,,,,
reboot-blog-28254,Reboot Democracy,blog-post,NEW BOOK: Why AI Undermines Democracy and What to Do about It,2024-06-24,https://rebootdemocracy.ai/blog/coeckelbergh-book,"Mark Coeckelbergh's ""Why AI Undermines Democracy and What to Do about It"" offers a philosophical critique of AI's impact on democratic principles.",Beth Simone Noveck,Research Radar,,,,
reboot-blog-28244,Reboot Democracy,blog-post,Listening to the Unheard: Mexico's Unprecedented Effort to Rebuild Trust in its Justice System,2024-06-10,https://rebootdemocracy.ai/blog/listening-to-the-unheard-mexicos-unprecedented-effort-to-rebuild-trust-in-its-justice-system,GovLab Fellow Dino Cantu recounts her experience creating The Encuentro Nacional para una Agenda de Seguridad y Justicia which aims to address Mexico's judicial system's deep-rooted issues by facilitating collaborative forums.,Beth Simone Noveck; Sam DeJohn,,,,,
reboot-blog-28243,Reboot Democracy,blog-post,Listen: Building Tech That Doesn’t Suck. The Lever Podcast Talks with Beth Noveck about the IRS Direct File Pilot,2024-06-07,https://rebootdemocracy.ai/blog/listen-building-tech-that-doesnt-suck-the-lever-podcast-talks-with-beth-noveck-about-the-irs-direct-file-pilot,"The latest episode of The Lever podcast, ""America’s Biggest Tax Scam May Finally End,"" explores government's technology capabilities and advocates for collaborative efforts between the public and private sectors to prioritize public interests in technology development.",Aubrey Burgess,,,,,
reboot-blog-28242,Reboot Democracy,blog-post,New Jersey Co-Creates AI Strategy With Public-Sector Staff,2024-06-05,https://rebootdemocracy.ai/blog/NJ-AI-Public-Survey,"Throughout the month of June, New Jersey will be the first state to survey its public workforce about AI. We are asking executive branch employees from about 28 agencies to share their views on AI.",Beth Simone Noveck,AI and Public Engagement; AI and Service Delivery,,,,
reboot-blog-28240,Reboot Democracy,blog-post,"News That Caught Our Eye #19: June 4th, 2024",2024-06-04,https://rebootdemocracy.ai/blog/News-That-Caught-Our-Eye-19,"This week’s edition covers OpenAI's efforts to counter foreign influence operations, the role of AI in California’s education and government sectors, and the public’s growing support for AI in government services.",Jay Kemp,News That Caught Our Eye,,,,
reboot-blog-28241,Reboot Democracy,blog-post,The GovLab Launches Report About New AI Problem-Solving Toolkit,2024-06-04,https://rebootdemocracy.ai/blog/smarter-crowdsourcing-and-policy-synth-report,"Co-authored with Citizens Foundation, the report describes a novel problem solving method that combines the collective wisdom of human experts and the computational power of AI agents to enhance and scale up public problem-solving processes.",Dane Gambrell,AI and Problem Solving,,,,
reboot-blog-28237,Reboot Democracy,blog-post,The AI Echo Chamber: New Paper on AI and Epistemic Risk,2024-06-03,https://rebootdemocracy.ai/blog/wihbey-epistemic-risk,"NEW PAPER: John Wihbey argues that as AI increasingly mediates the information domains that shape public knowledge, it risks producing an ""epistemically anachronistic"" public sphere, stifling the emergence of new ideas and limiting democratic deliberation.",Beth Simone Noveck,Research Radar,,,,
reboot-blog-28238,Reboot Democracy,blog-post,"Listen: In “The Road to Accountable AI,” Kevin Werbach helps listeners navigate AI hype and implementation",2024-06-03,https://rebootdemocracy.ai/blog/Road-To-Accountable-AI-podcast,"In his podcast, Wharton’s Kevin Werbach interviews experts and executives building accountable AI systems, to shine a light on effective, responsible, and safe implementation.",Jay Kemp,AI and Public Engagement,,,,
reboot-blog-28239,Reboot Democracy,blog-post,New InnovateUS Course – “What Works: Fast Field Scanning with AI”,2024-06-03,https://rebootdemocracy.ai/blog/innovate-us-fast-field-scanning-course,"The free online course from our partner project equips learners with skills for getting smarter, faster from data from documents and people – while also providing hands-on advice for using generative AI to improve the learning process.",Jessica Silverman; Jay Kemp,AI and Problem Solving,,,,
reboot-blog-28236,Reboot Democracy,blog-post,Research Radar: What can we learn from how algorithmic news recommenders impact political agendas in Denmark?,2024-05-31,https://rebootdemocracy.ai/blog/research-radar-news-recommender-systems,"Danish researchers conducted a large-scale experiment with 80k people during the country’s general election in 2022. Algorithmic sorters on news websites impacted both the quality, exposure, and diversity of news presented, raising concerns about political agenda-setting.",Jay Kemp,Research Radar,,,,
reboot-blog-28234,Reboot Democracy,blog-post,Research Radar: Breaking Language Barriers: EU's iDEM Project Harnesses AI to Empower Marginalized Voices in Democracy,2024-05-30,https://rebootdemocracy.ai/blog/research-radar-IDEM,New Horizon-funded EU research project aims to create more inclusive and participatory democratic deliberation through the use of AI-enabled text simplification. The research showcases the positive potential for using AI to strengthen democracy.,Beth Simone Noveck,Research Radar,,,,
reboot-blog-28235,Reboot Democracy,blog-post,GovTech: Where to Start With AI? Cities and States Offer Use Cases,2024-05-29,https://rebootdemocracy.ai/blog/govtech-where-to-start-with-AI,"GovTech's Julia Edinger writes: ""Building an AI program is a daunting proposition, but government has to start somewhere. From strengthening cybersecurity to improving 311, a handful of early adopters are finding safe and practical uses.""",,,,,,
reboot-blog-28232,Reboot Democracy,blog-post,Plus Ça Change: Is a Public Internet But a Dream,2024-05-28,https://rebootdemocracy.ai/blog/plus-ca-change-humanite,"In this 1999 article, I wrote for L'Humanité, I identified the emerging contradictions between the democratic promise of new media technologies and the realities of information overload, corporate surveillance, and the erosion of public discourse.",Beth Simone Noveck,AI and Public Engagement,,,,
reboot-blog-28233,Reboot Democracy,blog-post,"News That Caught Our Eye #18: May 28th, 2024",2024-05-28,https://rebootdemocracy.ai/blog/News-That-Caught-Our-Eye-18,"EU data privacy experts disagree on ChatGPT, while the VA deploys AI to better support veterans. At the city level, Colorado Springs and San Jose test out new use-cases for AI in improving constituents’ information access.",Jay Kemp,News That Caught Our Eye,,,,
reboot-blog-28231,Reboot Democracy,blog-post,"Interview with Orly Lobel on ""AI and the Future of Workplace Democracy"" for Reboot Democracy",2024-05-22,https://rebootdemocracy.ai/blog/orly-lobel-workplace-democracy-blogcast,"View the full conversation from this interview with Orly Lobel, Warren Distinguished Professor of Law at the University of San Diego and the Director of the Center for Employment and Labor Law.",Joseph Brant,AI and Problem Solving,,,,
reboot-blog-28229,Reboot Democracy,blog-post,"“Bot Beat” – a new, independent podcast about the journalists experimenting with AI",2024-05-20,https://rebootdemocracy.ai/blog/Bot-Beat-podcast,"The Burnes Center’s Jay Kemp announces Bot Beat, an independent podcast tracking the stories of journalists harnessing AI in their reporting. They’ll keep you updated on possibilities & pitfalls for AI in reporting – keying you in on how these emerging tools could affect your work.",Jay Kemp,AI and Problem Solving,,,,
reboot-blog-28230,Reboot Democracy,blog-post,"News That Caught Our Eye #17: May 20th, 2024",2024-05-20,https://rebootdemocracy.ai/blog/News-That-Caught-Our-Eye-17,"Audrey Tang features in TIME, AI continues to eat large amounts of power, and OpenAI and Google step on some toes. In our 17th edition, we continue to highlight the stories, research, and innovations that illuminate how AI is impacting governance and democracy.",Jay Kemp,News That Caught Our Eye,,,,
reboot-blog-28227,Reboot Democracy,blog-post,"News That Caught Our Eye #16: May 16th, 2024",2024-05-16,https://rebootdemocracy.ai/blog/News-That-Caught-Our-Eye-16,"Healthcare policymakers from HHS to Congress consider responsible AI incorporation into the existing care process. Additionally, the U.S.",Jay Kemp,News That Caught Our Eye,,,,
reboot-blog-28228,Reboot Democracy,blog-post,Senate Working Group Proposes $32 Billion to Spur AI Innovation: A Laundry List and Sparse Attention to Strengthening Democracy,2024-05-16,https://rebootdemocracy.ai/blog/bipartisan-senate-recommendations-AI,"This week, the Senate AI Working Group released a report calling for a wide range of AI investments in AI research to help the United States improve its competitiveness with China.",Jay Kemp; Beth Simone Noveck,AI and Lawmaking,,,,
reboot-blog-28226,Reboot Democracy,blog-post,"News That Caught Our Eye #15: May 8th, 2024",2024-05-08,https://rebootdemocracy.ai/blog/News-That-Caught-Our-Eye-15,"While OpenAI and Microsoft dive deeper into election and government security work, Congress continues to take a tentative approach to drafting regulations. Furthermore, new grants fund AI research and the EU publishes the final text of its adopted AI Act.",Jay Kemp,News That Caught Our Eye,,,,
reboot-blog-28221,Reboot Democracy,blog-post,Senator Booker Introduces AI Grand Challenges Act,2024-04-30,https://rebootdemocracy.ai/blog/booker-AI-grand-challenges,"Today, U.S. Senators Cory Booker (D-NJ), Mike Rounds (R-SD), and Martin Heinrich (D-NM) announced the introduction of the AI Grand Challenges Act calling for NSF to create $1 million dollar prize-backed challenge competitions designed to solve public problems with AI.",Beth Simone Noveck,AI and Public Engagement; AI and Problem Solving,,,,
reboot-blog-28222,Reboot Democracy,blog-post,"News That Caught Our Eye #14: April 30th, 2024",2024-04-30,https://rebootdemocracy.ai/blog/News-That-Caught-Our-Eye-14,"From national security guidelines to the new AI Grand Challenges Act, highlights of this week’s Rebooting Democracy news include Ohio using AI to streamlining its administrative code and insights into urban cooling efforts in Raleigh.",Jay Kemp,News That Caught Our Eye,,,,
reboot-blog-28223,Reboot Democracy,blog-post,"Research Radar: What can we learn from Brazil, Singapore and Canada on ethical AI procurement for government use?",2024-04-30,https://rebootdemocracy.ai/blog/Research-Radar-AI-Procurement,"The authors highlight “three key pitfalls around expertise, risk frameworks and transparency, that can decrease the efficacy of regulations aimed at government AI use.” They also suggest avenues for improvement.",Jay Kemp; Beth Simone Noveck,Research Radar,,,,
reboot-blog-28218,Reboot Democracy,blog-post,Reviving Our Inner Child: 'Co-Intelligence' and the Promise of AI as a Creative Catalyst,2024-04-25,https://rebootdemocracy.ai/blog/Ethan-Mollick-Co-Intelligence,"In my review of Ethan Mollick's ""Co-Intelligence,"" I delight in the author's imaginative conversations with AI personas, reminiscent of invisible childhood friends who inspire creativity. I appreciate Mollick's engaging exploration of AI as a thinking companion.",Beth Simone Noveck,AI and Problem Solving,,,,
reboot-blog-28219,Reboot Democracy,blog-post,Interview with Taiwan’s Digital Minister Audrey Tang for Reboot Democracy,2024-04-24,https://rebootdemocracy.ai/blog/Audrey-Tang-Video-TOC,"View the full conversation, including a table of contents for topics, from this interview with Audrey Tang, the first Digital Minister of Taiwan and author of Plurality: The Future of Collaborative Technology and Democracy.",Beth Simone Noveck; Jay Kemp,,,,,
reboot-blog-28220,Reboot Democracy,blog-post,Steven Berlin Johnson on How to Use Google’s AI-Powered Research and Writing Tools in Your Work in Government,2024-04-24,https://rebootdemocracy.ai/blog/Notebook-LM-Video,"In a live training for InnovateUS, our partner training program in AI, data and innovation skills for public professionals, best-selling author of thirteen books Steven Johnson introduces NotebookLM, Google's free AI-powered research and writing tool.",Hannah Hetzer,AI Tools,,,,
reboot-blog-28217,Reboot Democracy,blog-post,"News That Caught Our Eye #13: April 23rd, 2024",2024-04-23,https://rebootdemocracy.ai/blog/News-That-Caught-Our-Eye-13,"From the UAE to Buffalo, New York, this week’s news download on AI, democracy and governance covers the power grid, the copyright office, and data protection, and more.",Jay Kemp,News That Caught Our Eye,,,,
reboot-blog-28216,Reboot Democracy,blog-post,Watch C-SPAN Book Talk with Jonathan Metzl and Beth Simone Noveck at the Harvard Book Store,2024-04-18,https://rebootdemocracy.ai/blog/Metzl-Book-Talk-Harvard,"In his new book, Metzl reckons both with the long history of distrust of public health and the larger forces that allow mass shootings to occur on a near daily basis in America. Beth Simone Noveck finds parallels to doomerist narratives about AI from tech leaders.",Jay Kemp,,,,,
reboot-blog-28215,Reboot Democracy,blog-post,"Rebooting Democracy - News That Caught Our Eye #12: April 17th, 2024",2024-04-17,https://rebootdemocracy.ai/blog/News-That-Caught-Our-Eye-12,"The Supreme Court of Singapore and Supreme Court of India hold a joint conference on technology, with fascinating speeches on AI and the rule of law.",Jay Kemp,News That Caught Our Eye,,,,
reboot-blog-28214,Reboot Democracy,blog-post,Taiwanese Digital Minister Audrey Tang’s “Job Description” — a guiding star for generative AI,2024-04-12,https://rebootdemocracy.ai/blog/Audrey-Tang-Job-Description,"As Taiwan’s first-ever Digital Minister, Audrey Tang was asked to write their own job description – and wrote a poem. In this opinion piece, Jay Kemp argues the “job description” is also a guide for using generative AI to enhance digital democracy and heal online deliberation.",Jay Kemp,AI and Public Engagement,,,,
reboot-blog-28213,Reboot Democracy,blog-post,New Jersey is turning to AI to improve the job search process,2024-04-11,https://rebootdemocracy.ai/blog/new-jersey-is-turning-to-ai-to-improve-the-job-search-process,MyCareer.NJ.Gov exemplifies the critical role that public entities can play in harnessing AI for public good.,Beth Simone Noveck,AI Tools,,,,
reboot-blog-28212,Reboot Democracy,blog-post,"Rebooting Democracy - News That Caught Our Eye #11: April 9th, 2024",2024-04-09,https://rebootdemocracy.ai/blog/News-That-Caught-Our-Eye-11,"AI use-cases in government are all over the news this week — while the UN General Assembly, the Energy Secretary, and researchers explore the positives, Israel and Elon Musk show us the dark side of AI’s potential.",Jay Kemp,News That Caught Our Eye,,,,
reboot-blog-28211,Reboot Democracy,blog-post,Upskilling Your Workforce for the Age of AI,2024-04-05,https://rebootdemocracy.ai/blog/upskilling-workforce-age-AI,"While there is a great deal of apprehension about AI and its impact on the workforce, public servants who embrace innovation and continuous learning can use the technology to deliver more efficient and effective services that better meet the needs of the residents they serve.",Dane Gambrell,,,,,
reboot-blog-28210,Reboot Democracy,blog-post,"Rebooting Democracy - News That Caught Our Eye #10: April 2nd, 2024",2024-04-02,https://rebootdemocracy.ai/blog/News-That-Caught-Our-Eye-10,"White House guidance for the use of AI by federal agencies is out! Also, new pro-democracy tools, the energy transition, and ethicizing the news ecosystem… It’s the 10th (!) edition of our weekly news download, where we highlight the stories, research, and innovations that illuminate how AI is…",Jay Kemp,News That Caught Our Eye,,,,
reboot-blog-28209,Reboot Democracy,blog-post,"New White House Guidance on AI: Strong on Skills, Short on Public Engagement",2024-03-31,https://rebootdemocracy.ai/blog/omb-ai-guidance,"The White House Office of Management and Budget recently released final guidance on the use of AI by federal agencies, emphasizing the need to build AI skills and expertise within the government workforce.",Beth Simone Noveck,AI and Service Delivery; AI and Public Engagement,,,,
reboot-blog-28253,Reboot Democracy,blog-post,The Internet We Deserve with Tom Wheeler,2024-03-26,https://rebootdemocracy.ai/blog/the-internet-we-deserve-with-tom-wheeler,"View the full conversation with Tom Wheeler, former Chairman of the Federal Communications Commission (FCC) and current fellow at the Brookings Institution and the Harvard Kennedy School, about the adoption of net neutrality, privacy protections for consumers, and increased cybersecurity.",Aubrey Burgess,,,,,
reboot-blog-28208,Reboot Democracy,blog-post,"Rebooting Democracy - News That Caught Our Eye #9: March 25th, 2024",2024-03-25,https://rebootdemocracy.ai/blog/News-That-Caught-Our-Eye-9,"This week in the news: generative AI on the Hill, at the campaign front lines, and in higher education! It’s our weekly news download, where we highlight the stories, research, and innovations that illuminate how AI is impacting governance and democracy.",Jay Kemp,News That Caught Our Eye,,,,
reboot-blog-28252,Reboot Democracy,blog-post,AI and the Future of Lawmaking with Marci Harris of POPVOX,2024-03-21,https://rebootdemocracy.ai/blog/ai-and-the-future-of-lawmaking-with-marci-harris-of-popvox,"View the full conversation with Marci Harris, founder and CEO of POPVOX.com and the Executive Director of the nonprofit POPVOX Foundation about the future of lawmaking in the age of artificial intelligence.",Aubrey Burgess,,,,,
reboot-blog-28207,Reboot Democracy,blog-post,Quick Update: Singapore Trains Workers for the AI Future,2024-03-20,https://rebootdemocracy.ai/blog/skills-first-singapore,"In its latest budget, Singapore announced that it will provide a subsidy for all workers over 40 to go back to school.",Beth Simone Noveck,,,,,
reboot-blog-28206,Reboot Democracy,blog-post,"Rebooting Democracy - News That Caught Our Eye #8: March 18th, 2024",2024-03-18,https://rebootdemocracy.ai/blog/News-That-Caught-Our-Eye-8,"This week in the news: the EU AI Act, India changes its mind (again) and Gemini won’t answer your election questions! It’s our weekly news download, where we highlight the stories, research, and innovations that illuminate how AI is impacting governance and democracy.",Jay Kemp,News That Caught Our Eye,,,,
reboot-blog-28204,Reboot Democracy,blog-post,"Rebooting Democracy - News That Caught Our Eye #7: March 14th, 2024",2024-03-14,https://rebootdemocracy.ai/blog/News-That-Caught-Our-Eye-7,"This week in the news: the Pulitzers, the State of the Union, and International Women’s Day! It’s our weekly news download, where we highlight the stories, research, and innovations that illuminate how AI is impacting governance and democracy.",Jay Kemp,News That Caught Our Eye,,,,
reboot-blog-28199,Reboot Democracy,blog-post,Launching InnovateMA: Partnering with Government to Build AI for Good and the AI Talent Pipeline,2024-03-01,https://rebootdemocracy.ai/blog/launching-innovatema-partnering-with-government-to-build-ai-for-good-and-the-ai-talent-pipeline,,Beth Simone Noveck,,,,,
reboot-blog-28316,Reboot Democracy,blog-post,"YOUR FUTURE OF AI: Insights on Generative Artificial Intelligence from 5,000 New Jersey Public Professionals",2024-03-01,https://rebootdemocracy.ai/blog/your-future-of-ai-insights-on-generative-artificial-intelligence-from-5000-new-jersey-public-professionals,,,,,,,
reboot-blog-28202,Reboot Democracy,blog-post,Digital Mirror to Our Deliberation,2024-02-28,https://rebootdemocracy.ai/blog/AI-transcription,"The ability for AI transcription to lay bare how we talk to one another can help us to democratize formal as well as informal conversations, creating new opportunities to reveal biases and bad behavior and, when used well, create incentives for better deliberation.",Beth Simone Noveck,AI and Lawmaking; AI Tools; AI and Public Engagement,,,,
reboot-blog-28203,Reboot Democracy,blog-post,"Rebooting Democracy - News That Caught Our Eye #6: February 27th, 2024",2024-02-27,https://rebootdemocracy.ai/blog/News-That-Caught-Our-Eye-6,"An interesting week in the news: Gemini stumbles, Reddit makes waves, India confronts Google, and Sal Khan confronts his own obsolescence. It’s our weekly news download, where we highlight the stories, research, and innovations that illuminate how AI is impacting governance and democracy.",Jay Kemp,News That Caught Our Eye,,,,
reboot-blog-28201,Reboot Democracy,blog-post,"Guns, Narratives, and AI",2024-02-26,https://rebootdemocracy.ai/blog/guns-narratives-ai,"In this post, I explore how the same government-is-the-problem-not-the-solution narrative about guns has direct parallels to the conversation unfolding about artificial intelligence. To reduce gun violence, advocates need to take on the liberty argument, argues Jonathan Metzl in What We've Become.",Beth Simone Noveck,,,,,
reboot-blog-28200,Reboot Democracy,blog-post,"Rebooting Democracy - News That Caught Our Eye #5: February 20th, 2024",2024-02-20,https://rebootdemocracy.ai/blog/News-That-Caught-Our-Eye-5,"This week in the news: Sora’s launch, gun control deep fakes, and AI updates from Estonia to Singapore. It’s our weekly news download, where we highlight the stories, research, and innovations that illuminate how AI is impacting governance and democracy.",Jay Kemp,News That Caught Our Eye,,,,
reboot-blog-28198,Reboot Democracy,blog-post,"To Fight Extremism and Hate Speech Online, Invest in AI-Powered Content Moderation",2024-02-15,https://rebootdemocracy.ai/blog/Ai-Powered-Content-Moderation,"In an year marked by escalating online hate, a presidential election, and the dismantling of online safety teams, the adoption of AI-powered solutions could be pivotal.",Jay Kemp,AI Tools,,,,
reboot-blog-28251,Reboot Democracy,blog-post,AI and Democracy’s First Principles with Danielle Allen and A.C. Grayling,2024-02-15,https://rebootdemocracy.ai/blog/ai-and-democracys-first-principles-with-danielle-allen-and-ac-grayling,"View the full conversation with Danielle Allen, James Bryant Conant University Professor at Harvard University and director of the Allen Lab for Democracy Renovation at Harvard Kennedy School’s Ash Center for Democratic Governance and Innovation, and A.C.",Aubrey Burgess,,,,,
reboot-blog-28196,Reboot Democracy,blog-post,"Rebooting Democracy - News That Caught Our Eye #4: February 13th, 2024",2024-02-13,https://rebootdemocracy.ai/blog/News-That-Caught-Our-Eye-4,"This week in the news: semiconductor chips, Pakistani elections, and a lot of updates from the federal space. It’s our weekly news download, where we highlight the stories, research, and innovations that illuminate how AI is impacting governance and democracy.",Jay Kemp,News That Caught Our Eye,,,,
reboot-blog-28194,Reboot Democracy,blog-post,NEW REPORT: Brennan Center on AI and Congress,2024-02-08,https://rebootdemocracy.ai/blog/brennan-ai-congress,"As part of its series on AI and Democracy, the Brennan Center for Justice published a new essay on AI and Congress, covering both the risks and, importantly, illustrating the opportunities to leverage AI to ""make legislatures more effective, more representative, more efficient, and more…",Beth Simone Noveck,AI and Lawmaking,,,,
reboot-blog-28195,Reboot Democracy,blog-post,The Arms Race in Assistive AI,2024-02-08,https://rebootdemocracy.ai/blog/techreview-ai-law,"The advice ""Write the first draft you want someone to send"" is now being applied to legislative processes, where the American Legislative Exchange Council (ALEC) drafts model bills benefiting corporations.",Beth Simone Noveck,AI and Lawmaking,,,,
reboot-blog-28191,Reboot Democracy,blog-post,How AI can help reshape Congress,2024-02-06,https://rebootdemocracy.ai/blog/AI-in-Congress,"By embracing responsible use of AI and safeguarding security and privacy, Congress has the opportunity both to modernize and speed up its operations but also to deepen its connection with the American people, ensuring that the legislative process becomes more transparent, efficient, and, above all…",Beth Simone Noveck,AI and Lawmaking,,,,
reboot-blog-28193,Reboot Democracy,blog-post,"Rebooting Democracy - News That Caught Our Eye #3: February 6th, 2024",2024-02-06,https://rebootdemocracy.ai/blog/News-That-Caught-Our-Eye-3,"A big week in the news! Read further for this week on the stories, research, and innovations that illuminate how AI is impacting governance and democracy.",Jay Kemp,News That Caught Our Eye,,,,
reboot-blog-28250,Reboot Democracy,blog-post,The Internet We Deserve with Professor Larry Lessig of Harvard Law School,2024-02-06,https://rebootdemocracy.ai/blog/the-internet-we-deserve-with-professor-larry-lessig-of-harvard-law-school,"View the full conversation with Larry Lessig, Roy L. Furman Professor of Law and Leadership at Harvard Law School, founder of the Center for Internet and Society at Stanford Law School and Equal Citizens and a founding board member of Creative Commons, about intellectual property in the Internet…",Aubrey Burgess,,,,,
reboot-blog-28189,Reboot Democracy,blog-post,"Rebooting Democracy - News That Caught Our Eye #2: January 30th, 2024",2024-01-30,https://rebootdemocracy.ai/blog/News-That-Caught-Our-Eye-2,"Week #2 of our weekly news download. We created this resource to highlight the updates, research, and change-making that caught our eye, stories related to ways in which AI is transforming governance and deepening democracy.",Jay Kemp,News That Caught Our Eye,,,,
reboot-blog-28190,Reboot Democracy,blog-post,"Scandal at the Post Office: Technology on Tap, Justice on Top",2024-01-30,https://rebootdemocracy.ai/blog/Post-Office-Scandal,"Is human oversight the antidote to technology overreliance that it's made out to be? Potentially, but the Horizon scandal plastering British headlines right now illuminates the dangers of misaligned human priorities.",Beth Simone Noveck; Jay Kemp,,,,,
reboot-blog-28249,Reboot Democracy,blog-post,“AI and the Media” with Jill Abramson and Ethan Zuckerman,2024-01-25,https://rebootdemocracy.ai/blog/ai-and-the-media-with-jill-abramson-and-ethan-zuckerman,"View the full conversation with Jill Abramson, Northeastern Professor and Burnes Center for Social Change Senior Fellow and former executive editor of the New York Times, and Ethan Zuckerman, associate professor of public policy, information and communication at the University of Massachusetts at…",Aubrey Burgess,,,,,
reboot-blog-28188,Reboot Democracy,blog-post,"Rebooting Democracy - News That Caught Our Eye #1: January 22nd, 2024",2024-01-22,https://rebootdemocracy.ai/blog/News-That-Caught-Our-Eye-1,"Welcome to our weekly news download. We created this resource to highlight the updates, research, and change-making that caught our eye, stories related to ways in which AI is transforming governance and deepening democracy.",Jay Kemp,News That Caught Our Eye,,,,
reboot-blog-28187,Reboot Democracy,blog-post,POPVOX releases new report on AI and legislatures,2024-01-20,https://rebootdemocracy.ai/blog/popvox-ai-legislatures,"POPVOX Foundation, which supports research, innovation and initiatives that promote better and more engaged governance, especially lawmaking, has released a pathbreaking new report on AI and legislatures.",Beth Simone Noveck,,,,,
reboot-blog-28248,Reboot Democracy,blog-post,“How the History of the Internet Could Inform the Future of Democracy and AI” with Vinton Cerf and John Battelle,2024-01-18,https://rebootdemocracy.ai/blog/how-the-history-of-the-internet-could-inform-the-future-of-democracy-and-ai-with-vinton-cerf-and-john-battelle,"View the full conversation with Vint Cerf, co-creator of the Internet and Vice President and Chief Internet Evangelist for Google, about the impact of artificial intelligence on democracy.",Aubrey Burgess,,,,,
reboot-blog-28186,Reboot Democracy,blog-post,Full Testimony: Beth Simone Noveck on harnessing AI to improve government services and customer experience,2024-01-10,https://rebootdemocracy.ai/blog/HSGAC-Full-Testimony,"Despite having funded the creation of the Internet, the public sector lagged in its adoption. Now government can lead in the use of artificial intelligence for public good.",Beth Simone Noveck,,,,,
reboot-blog-28185,Reboot Democracy,blog-post,How AI could restore our faith in democracy,2024-01-09,https://rebootdemocracy.ai/blog/AI-restore-faith-in-democracy,AI is making it faster and easier to identify innovative strategies to combat election-related violence and election subversion and strengthen our democracy.,Beth Simone Noveck,,,,,
reboot-blog-28184,Reboot Democracy,blog-post,Crisis Collective Intelligence Course,2023-12-20,https://rebootdemocracy.ai/blog/crisis-collective-intell,The Collective Crisis Intelligence course comprises coaching videos from leading experts who have successfully responded to a crisis using technology.,Beth Simone Noveck,,,,,
reboot-blog-28183,Reboot Democracy,blog-post,Conversing with Congress: An Experiment in AI-Enabled Communication,2023-12-12,https://rebootdemocracy.ai/blog/conversing-with-congress-an-experiment-in-ai-enabled-communication,My take on a pioneering and important new study that sheds light on the practical potential and the urgent need to use AI to create more meaningful constituent communication and rebuild trust in Congress. #congress #artificialintelligence #chatbot,Beth Simone Noveck,AI and Lawmaking,,,,
reboot-blog-28180,Reboot Democracy,blog-post,Combining Human and Machine Intelligence for Enhanced Democracy with Sir Geoff Mulgan,2023-12-06,https://rebootdemocracy.ai/blog/combining-human-and-machine-intelligence-for-enhanced-democracy-with-sir-geoff-mulgan,"On Thursday, November 16, the Burnes Center for Social Change and the GovLab hosted Sir Geoff Mulgan, Professor of Collective Intelligence, Public Policy and Social Innovation at University College London (UCL), for a thought-provoking lecture on “Combining Human and Machine Intelligence to Enhance…",,,,,,
reboot-blog-28181,Reboot Democracy,blog-post,PODCAST: How the UK Collective Intelligence Lab is Using AI for Public Engagement in Policymaking,2023-12-06,https://rebootdemocracy.ai/blog/exploring-the-power-of-collective-intelligence-a-conversation-with-prateek-buch-and-brendan-arnold,"In the latest episode of The GovLab's Collective Intelligence Podcast, Prateek Buch and Brendan Arnold from the UK Government's Policy Lab talk about how they are using AI-enabled engagement via the Pol.is platform to improve policymaking.",Sam DeJohn,,,,,
reboot-blog-28179,Reboot Democracy,blog-post,NJ PBS Biz Beats Interview on the NJ AI Task Force,2023-12-05,https://rebootdemocracy.ai/blog/nj-ai-taskforce,"In an interview with Raven Santana on NJ Biz Beat, we discussed the creation of New Jersey's AI Task Force, focusing on the responsible use of generative AI to improve government, create new jobs and advance literacy and equity, and how to balance the benefits and the risks.",Beth Simone Noveck,,,,,
reboot-blog-28178,Reboot Democracy,blog-post,Navigating the New Frontier: Generative AI in Gov,2023-12-03,https://rebootdemocracy.ai/blog/ai-in-gov,"The cautious yet optimistic adoption of generative AI by cities like Boston, and states like New Jersey and California, signals a significant shift in the public sector landscape.",Beth Simone Noveck,,,,,
reboot-blog-28159,Reboot Democracy,blog-post,"Sam Altman, One True Leader and the Missed Opportunity for Innovation",2023-11-22,https://rebootdemocracy.ai/blog/sam%20altman%20one%20true%20leader%20and%20the%20missed%20opportunity%20for%20innovation,"As we navigate the complexities of leadership in the age of AI and beyond, the question of how we structure our systems of governance – both in politics and in our organizations – remains crucial.",Beth Simone Noveck,,,,,
reboot-blog-28158,Reboot Democracy,blog-post,"Was vTaiwan such a big flop, after all?",2023-11-20,https://rebootdemocracy.ai/blog/was-vtaiwan-such-a-big-flop-after-all,"A recent issue of the Daily Beast featured an article about vTaiwan, Taiwan’s flagship crowdlaw project to engage the public in the legislative process, reporting what I long suspected and feared: early success has not translated into lasting impact or institutionalization of public participation…",Beth Simone Noveck,,,,,
reboot-blog-28157,Reboot Democracy,blog-post,Using Artificial Intelligence to Tackle the Literacy Challenge,2023-11-17,https://rebootdemocracy.ai/blog/announcing-the-unlocking-literacy-project,"The Unlocking Literacy project using artificial intelligence to tap our collective intelligence. We are engaging diverse communities to ask why change is so hard, what's working, and how we can increase reading proficiency.",Dane Gambrell; Beth Simone Noveck,,,,,
reboot-blog-28156,Reboot Democracy,blog-post,Artificial Intelligence can help us create a more efficient government,2023-11-16,https://rebootdemocracy.ai/blog/artificial-intelligence-can-help-us-create-a-more-efficient-government,"In the rapidly evolving technological landscape of the 21st century, the role of government in serving its citizens is undergoing a profound transformation",Beth Simone Noveck; Hector  Mujica,,,,,
reboot-blog-28247,Reboot Democracy,blog-post,"“AI and the Future of Youth Democracy” with Zamaan Qureshi of Design It For Us, Sneha Revanur of Encode Justice, and Daniella DiPaola of the MIT Media Lab",2023-11-09,https://rebootdemocracy.ai/blog/ai-and-the-future-of-youth-democracy-with-zamaan-qureshi-of-design-it-for-us-sneha-revanur-of-encode-justice-and-daniella-dipaola-of-the-mit-media-lab,"View the full conversation from this panel discussion with Zamaan Qureshi, Co-Chair of the Design It For Us coalition, Sneha Revanur, founder and president of Encode Justice, and Daniella DiPaola, Ph.D.",Aubrey Burgess,,,,,
reboot-blog-28152,Reboot Democracy,blog-post,AI for the People: A Federal Mandate for Inclusive Engagement,2023-11-03,https://rebootdemocracy.ai/blog/ai-for-the-people-a-federal-mandate-for-inclusive-engagement,Artificial Intelligence (AI) is not just transforming economies and industries; it holds the key to revolutionizing public engagement with the federal government.,Beth Simone Noveck,,,,,
reboot-blog-28151,Reboot Democracy,blog-post,Are we focusing too much on the risks of AI and not the potential for good?,2023-10-31,https://rebootdemocracy.ai/blog/the-ai-dilemma-governing-for-safety-or-steering-towards-progress,Are we focusing so much on the risks that we are failing to invest in and maximize the potential for AI to do good,Beth Simone Noveck,,,,,
reboot-blog-28246,Reboot Democracy,blog-post,"“AI for Citizen Engagement” with Róbert Bjarnason of Citizens Foundation, Colin Megill of Polis, and Professor Ariel Procaccia of Harvard University",2023-10-26,https://rebootdemocracy.ai/blog/ai-for-citizen-engagement-with-robert-bjarnason-of-citizens-foundation-colin-megill-of-polis-and-professor-ariel-procaccia-of-harvard-university,"View the full conversation with with Róbert Bjarnason, Senior Fellow at the Burnes Center and co-founder of the Citizens Foundation, Colin Megill, co-founder of Polis and board member of The Computational Democracy Project, and Ariel Procaccia, Gordon McKay Professor of Computer Science at Harvard…",Aubrey Burgess,,,,,
reboot-blog-28150,Reboot Democracy,blog-post,Google.org support to train more government workers in digital skills,2023-10-17,https://rebootdemocracy.ai/blog/googleorg-support-to-train-more-government-workers-in-digital-skills,"Google.org is providing $2 million in funding to help InnovateUS expand digital skills training to more than 50,000 government workers across at least 15 states.",Beth Simone Noveck,,,,,
reboot-blog-28245,Reboot Democracy,blog-post,“The Civic Bargain: How Democracy Survives” with authors Brook Manville and Josiah Ober,2023-09-21,https://rebootdemocracy.ai/blog/the-civic-bargain-how-democracy-survives-with-authors-brook-manville-and-josiah-ober,"View the full conversation with Brook Manville, author and independent consultant, and Josiah Ober, The Markos & Eleni Kounalakis Chair in Honor of Constantine Mitsotakis Professor of Political Science and Classics at Stanford University about their book “The Civic Bargain: How Democracy Survives”.",Aubrey Burgess,,,,,
reboot-blog-28153,Reboot Democracy,blog-post,Preparing for an AI-driven Future: The Government of India’s free AI for All Course,2023-06-22,https://rebootdemocracy.ai/blog/preparing-for-an-ai-driven-future-the-government-of-indias-free-ai-for-all-course,"In August 2021, India’s Central Board for Secondary Education (CBSE) partnered with Intel to launch “AI for All” - a free, online, self-paced course to introduce the basic concepts of Artificial Intelligence to the Indian public.",Anirudh Dinesh,,,,,
reboot-news-115,Reboot Democracy,news-digest,"Reboot Weekly: 46 Blocked Data Centers, NYC's AI Report, and Anthropic's Watchlist",2026-09-28,https://rebootdemocracy.ai/newsthatcaughtoureye/115,"At least 46 AI data center projects — more than $170 billion in announced investment — have been blocked, withdrawn, or stalled since 2024 following community opposition.",,,,,,
reboot-news-114,Reboot Democracy,news-digest,"Reboot Weekly: Mississippi's Framework Test, What Wars Are Fought Over, and Building UX Capacity",2026-07-09,https://rebootdemocracy.ai/newsthatcaughtoureye/114,"Mississippi has a statewide AI framework, but Dr. Kollin Napier argues that the real test starts the next day.",,,,,,
reboot-news-113,Reboot Democracy,news-digest,"Reboot Weekly: 85% Cloud Lock-In, an AI Coach for Public Servants, and Why AI Shouldn't Vote",2026-06-25,https://rebootdemocracy.ai/newsthatcaughtoureye/113,"Amazon, Microsoft, and Google control 85% of Canada's cloud market. In a new Reboot Democracy piece, David Eaves and Curtis McCord argue this concentration is a democracy problem, not just a competition one, because public institutions lose leverage over the infrastructure they depend on.",,,,,,
reboot-news-112,Reboot Democracy,news-digest,Reboot Weekly Special: Beth Noveck's Reboot Launches Next Week — A Blueprint for Democratic AI,2026-06-18,https://rebootdemocracy.ai/newsthatcaughtoureye/112,"Democracy needs a moonshot — and Beth Noveck's new book offers the blueprint. Launching next week from Yale University Press, Reboot: AI and the Race to Save Democracy makes the case that AI can strengthen democratic institutions when designed for public purpose, governed responsibly, and built to…",,,,,,
reboot-news-111,Reboot Democracy,news-digest,Reboot Weekly: The World Cup Edition,2026-06-11,https://rebootdemocracy.ai/newsthatcaughtoureye/111,What can the World Cup's controversial VAR replay system teach us about deploying AI in government?,,,,,,
reboot-news-110,Reboot Democracy,news-digest,"Reboot Weekly: 10 Data Center Questions, Kazakhstan's AI Frontier, and Reimagining Universities",2026-06-04,https://rebootdemocracy.ai/newsthatcaughtoureye/110,"Deborah Stine outlines 10 questions about electricity demand, water use, workforce impacts, and community benefit agreements that communities should ask before construction begins.",,,,,,
reboot-news-109,Reboot Democracy,news-digest,"Reboot Weekly: Justice Systems, the Six-Word Problem, and 16 Members of Congress",2026-05-28,https://rebootdemocracy.ai/newsthatcaughtoureye/109,"When an AI system harms someone, who decides what justice looks like? In a new Reboot Democracy piece, Nate Edwards argues that AI governance frameworks routinely overlook this question, leaving courts, ombudsmen, and legal aid offices to determine whether AI accountability actually means anything…",,,,,,
reboot-news-108,Reboot Democracy,news-digest,"Reboot Weekly: Decluttering San Francisco, AI in Turkish Schools, and Hope at Code for America",2026-05-21,https://rebootdemocracy.ai/newsthatcaughtoureye/108,"How do you find the rules a city no longer needs? In San Francisco, AI helped, scanning 16 million words of municipal code to surface 174 outdated reporting requirements.",,,,,,
reboot-news-107,Reboot Democracy,news-digest,"Reboot Weekly: Zero-Click Government, the Capitol Wire, and AI's Kichwa Problem",2026-05-14,https://rebootdemocracy.ai/newsthatcaughtoureye/107,"What if the State acted on what it already knows about you, rather than waiting for you to fill out a form? In a new commentary, Beth Simone Noveck previews Gustavo Maio's new book and argues that moving toward zero-click government requires a double-click on participation.",,,,,,
reboot-news-106,Reboot Democracy,news-digest,Reboot Weekly: Testing Whether AI Can Deliver Public Value,2026-05-07,https://rebootdemocracy.ai/newsthatcaughtoureye/106,"This week on Reboot Democracy, Elana Banin examines World Health Organization research on how AI could transform evidence-informed policymaking, while warning that the harder challenge is whether ministries can build the capacity to align with frontline realities.",,,,,,
reboot-news-105,Reboot Democracy,news-digest,Reboot Weekly: Governments Use AI to Simplify Rules and Strengthen Participation,2026-04-30,https://rebootdemocracy.ai/newsthatcaughtoureye/105,"Dane Gambrell interviews Reeve Bull on how Virginia used AI to analyze hundreds of thousands of regulatory requirements, cutting 35.7% of them and saving an estimated $1.4 billion annually, but only after years of human groundwork.",,,,,,
reboot-news-104,Reboot Democracy,news-digest,"Reboot Weekly: 100 Interns, 1,000 Policies, 1,500 Workers, 100,000 Learners—AI, Government, and Democracy by the Numbers",2026-04-23,https://rebootdemocracy.ai/newsthatcaughtoureye/104,"Lots of numbers in this week's News that Caught Our Eye: Beth Simone Noveck interviews Matti Schneider of OpenFisca about why we may be over-investing in ""100 interns on cocaine"" aka GenAI when what we need are more computational legal systems.",,,,,,
reboot-news-103,Reboot Democracy,news-digest,"Reboot Weekly: Building Resilient Systems, Designing Public-Interest AI, and Confronting Generative Polarization",2026-04-16,https://rebootdemocracy.ai/newsthatcaughtoureye/103,"This week on Reboot Democracy, Beth Simone Noveck shows how tools like GrantWell can expand access to public funding and model public-interest AI. Lee Rainie and Janna Anderson warn that AI is becoming society’s operating system, requiring resilience as shared infrastructure.",,,,,,
reboot-news-102,Reboot Democracy,news-digest,"Reboot Weekly: Making Data Usable, Navigating Policy Overload, and Reimagining Public Communication",2026-04-09,https://rebootdemocracy.ai/newsthatcaughtoureye/102,"This week on Reboot Democracy, John Wihbey and Jill Abramson draw on a year of workshops with 1,400 public-sector communicators to show how AI can accelerate research and storytelling, but in a context of declining trust, it raises the stakes.",,,,,,
reboot-news-101,Reboot Democracy,news-digest,"Reboot Weekly: Governing Agents, Expanding Evidence, and Making Hard Choices",2026-04-02,https://rebootdemocracy.ai/newsthatcaughtoureye/101,"This week on Reboot Democracy, Sarosh Nagar and David Eaves examine what it will take for governments to govern AI agents already operating in open environments, from building trust infrastructure to managing multi-agent risks.",,,,,,
reboot-news-100,Reboot Democracy,news-digest,"Reboot Weekly: AI Expanding Access to Funding, Opportunity, and Public Systems",2026-03-26,https://rebootdemocracy.ai/newsthatcaughtoureye/100,"This week on Reboot Democracy, Eileen Twiggs explores how storytelling can rebuild trust in government through more human-centered communication.",,,,,,
reboot-news-99,Reboot Democracy,news-digest,"Reboot Weekly: AI for Human Services, Civic AI Compacts with Universities, and Lessons from Iran’s AI Infrastructure",2026-03-19,https://rebootdemocracy.ai/newsthatcaughtoureye/99,"This week on Reboot Democracy, Robert Asaro-Angelo explores how AI could help human services agencies reduce administrative burdens and improve benefits delivery. Dane Gambrell shares lessons from 50 global experts shaping a course on democratic engagement in the AI era.",,,,,,
reboot-news-98,Reboot Democracy,news-digest,"Reboot Weekly: Governing the Agentic Web, Deliberative Technology for Congress, and South Australia’s Sovereign AI Strategy",2026-03-12,https://rebootdemocracy.ai/newsthatcaughtoureye/98,"This week on Reboot Democracy, Alberto Rodriguez Alvarez explores with Santi Garces how the City of Boston is experimenting with the Model Context Protocol to safely connect AI agents to government systems.",,,,,,
reboot-news-97,Reboot Democracy,news-digest,"Reboot Weekly: Procurement Power, Food Security, and the Future of Work",2026-03-05,https://rebootdemocracy.ai/newsthatcaughtoureye/97,"This week on Reboot Democracy, Beth Simone Noveck argues that governments are among the largest buyers of AI yet rarely use that purchasing power to demand transparency, interoperability, and public accountability.",,,,,,
reboot-news-96,Reboot Democracy,news-digest,"Reboot Weekly: Controlling the Stack, Governing Sovereignty, and Training the State",2026-02-26,https://rebootdemocracy.ai/newsthatcaughtoureye/96,"This week on Reboot Democracy, Beth Simone Noveck explores how governments can provide safe, affordable access to AI at scale, arguing that the real question is not buy versus build, but who controls the infrastructure.",,,,,,
reboot-news-95,Reboot Democracy,news-digest,"Reboot Weekly: Building a Culture of Recognition, AI Safety by Local Rule, and Argentina’s Strategy Reset",2026-02-19,https://rebootdemocracy.ai/newsthatcaughtoureye/95,"This week on Reboot Democracy, Max Stier explores how AI can strengthen internal government culture by building real-time recognition systems for civil servants.",,,,,,
reboot-news-94,Reboot Democracy,news-digest,"Reboot Weekly: Designing Democratic Engagement, Community-Built AI for IEPs, and Korea’s $73B Sovereignty Bet",2026-02-12,https://rebootdemocracy.ai/newsthatcaughtoureye/94,"This week on Reboot Democracy, Beth Simone Noveck and Dane Gambrell explain why more people need to learn how to ""do engagement"" in the AI era and invite co-creation of a new online course.",,,,,,
reboot-news-93,Reboot Democracy,news-digest,"Reboot Weekly: Testing Before Scale, Families Writing the Rules, Cities Fixing Permits",2026-02-05,https://rebootdemocracy.ai/newsthatcaughtoureye/93,"This week on Reboot Democracy, Cassandra Madison argues that governments cannot responsibly adopt new tools without safe, shared spaces to test them before procurement locks in risk.",,,,,,
reboot-news-92,Reboot Democracy,news-digest,"Reboot Weekly: Measuring Workforce Capacity, Governing Prediction, and Mapping Public Systems",2026-01-29,https://rebootdemocracy.ai/newsthatcaughtoureye/92,"InnovateUS launches the Observatory of Public Sector AI to examine the impact of AI training and use. Princeton's Arvind Narayanan and State of Hawaii Chief Data Officer Rebecca Cai dig into the pros and cons of predictive AI use in government, explains Stephan Schmidt.",,,,,,
reboot-news-91,Reboot Democracy,news-digest,"Reboot Weekly: Modernizing Regulation, Making Services Multilingual, and Listening First",2026-01-22,https://rebootdemocracy.ai/newsthatcaughtoureye/91,"Reeve Bull shows how Virginia is using AI to improve regulatory review, from analyzing statutes to streamlining outdated rules.",,,,,,
reboot-news-90,Reboot Democracy,news-digest,"Reboot Weekly: Fixing Benefit Backlogs, Making Labor Law Searchable, and Listening to Residents",2026-01-15,https://rebootdemocracy.ai/newsthatcaughtoureye/90,"This week on Reboot Democracy, Beth Simone Noveck speaks with Dave Cole, New Jersey’s Chief Innovation Officer, about how the newly codified New Jersey Innovation Authority is using AI to reduce delays in Medicaid, SNAP, unemployment insurance, and Summer EBT while keeping human judgment central…",,,,,,
reboot-news-89,Reboot Democracy,news-digest,Reboot Weekly: Regulatory Decluttering and New Ways of Organizing Government,2026-01-08,https://rebootdemocracy.ai/newsthatcaughtoureye/89,"This week at Reboot Democracy, Beth Simone Noveck argues that regulatory reform fails when AI-driven efficiency is decoupled from collective intelligence, drawing lessons from the Green Tape Challenge in the UK, Texas, and U.S.",,,,,,
reboot-news-88,Reboot Democracy,news-digest,"Reboot Weekly: Testimony, Training, and the Infrastructure of Democracy",2025-12-18,https://rebootdemocracy.ai/newsthatcaughtoureye/88,Beth Simone Noveck testifies before Congress on how AI can help lawmakers move beyond performative public engagement to use constituent input at scale meaningfully.,,,,,,
reboot-news-87,Reboot Democracy,news-digest,"Reboot Weekly: Inside Italy’s AI Law, NJ’s Public Defender's Office, and the Dilemnas of Synthetic Publics",2025-12-11,https://rebootdemocracy.ai/newsthatcaughtoureye/87,This week’s highlights include three new Reboot Democracy originals: from New Jersey’s Public Defender on using AI to building tools for under-resourced government lawyers; an essay from Luca Cominassi at the Barcelona Supercomputing Center and Beth Noveck on what makes Italy’s new AI law unique…,,,,,,
reboot-news-86,Reboot Democracy,news-digest,Reboot Weekly: From Data Governance to the Genesis Mission—AI’s Democratic Tests,2025-12-04,https://rebootdemocracy.ai/newsthatcaughtoureye/86,"This week, our new Research Radar warns that the White House’s Genesis Mission to merge federal AI, data, and supercomputing power could sideline universities, communities, and public oversight.",,,,,,
reboot-news-85,Reboot Democracy,news-digest,News That Caught Our Eye #85,2025-11-20,https://rebootdemocracy.ai/newsthatcaughtoureye/85,Princeton's Mihir Kshirsagar breaks down why predictive-policing algorithms fail and how to distinguish meaningful diagnostic tools from misguided prediction products.,,,,,,
reboot-news-84,Reboot Democracy,news-digest,News That Caught Our Eye #84,2025-11-13,https://rebootdemocracy.ai/newsthatcaughtoureye/84,"In the news this week, we examine the U.S. Air Force's plan to lease 3,000+ acres across five active bases to private data centers, raising questions about public oversight, security, and who benefits.",,,,,,
reboot-news-83,Reboot Democracy,news-digest,News That Caught Our Eye #83,2025-11-06,https://rebootdemocracy.ai/newsthatcaughtoureye/83,"Brazil is pioneering AI-powered participatory governance at scale, processing input from 1.4 million citizens and turning public proposals into policy reports.",,,,,,
reboot-news-82,Reboot Democracy,news-digest,News That Caught Our Eye #82,2025-10-30,https://rebootdemocracy.ai/newsthatcaughtoureye/82,"Rethink AI finds that the 1,600+ AI-related state bills introduced emphasize guardrails over strategy. New Jersey releases practical guidance for building tools to simplify permits and answer resident questions.",,,,,,
reboot-news-81,Reboot Democracy,news-digest,News That Caught Our Eye #81,2025-10-23,https://rebootdemocracy.ai/newsthatcaughtoureye/81,"Hamburg uses AI to turn citizen feedback into urban policy, Boston showcases tools that improve public trust, and tribal nations are piloting AI for governance while protecting sovereignty.",,,,,,
reboot-news-80,Reboot Democracy,news-digest,News That Caught Our Eye #80,2025-10-16,https://rebootdemocracy.ai/newsthatcaughtoureye/80,"New America’s Anne-Marie Slaughter says states are becoming the laboratories of democratic AI—building “public AI” that is open, trustworthy, and rooted in the public good. This week’s stories bring that vision to life.",,,,,,
reboot-news-79,Reboot Democracy,news-digest,News That Caught Our Eye #79,2025-10-09,https://rebootdemocracy.ai/newsthatcaughtoureye/79,"This week’s reporting captures a widening gap between AI adoption and the structures meant to guide it, from multilateral arenas to frontline agencies. The World Bank outlines readiness tools for public institutions; the ITU warns of deepening asymmetries in standards, compute, and global voice.",,,,,,
reboot-news-78,Reboot Democracy,news-digest,News That Caught Our Eye #78,2025-10-02,https://rebootdemocracy.ai/newsthatcaughtoureye/78,"California enacted the first U.S. AI safety law, setting a national precedent with new requirements for transparency, incident reporting, and whistleblower protections.",,,,,,
reboot-news-77,Reboot Democracy,news-digest,News that Caught Our Eye #77,2025-09-25,https://rebootdemocracy.ai/newsthatcaughtoureye/77,"Congress will roll out Microsoft Copilot for 6,000 House staffers. Ohio launches an AI-powered public safety app while Albania’s AI “minister” echoes a South Korean experiment.",,,,,,
reboot-news-76,Reboot Democracy,news-digest,News that Caught Our Eye #76,2025-09-18,https://rebootdemocracy.ai/newsthatcaughtoureye/76,"From New Jersey’s second-generation AI strategy to Albania’s appointment of an AI “minister,” governments are moving from experimentation to institutionalization. This week’s roundup captures that shift—spanning the U.S.",,,,,,
reboot-news-75,Reboot Democracy,news-digest,News That Caught Our Eye #75,2025-09-11,https://rebootdemocracy.ai/newsthatcaughtoureye/75,Giulio Quaggiotto reports on Vietnam’s pioneering use of “Applied AI” to build a learning culture among civil servants. We highlight a new workshop series on the how-to's of AI-enabled democratic engagement and why we should use AI to produce more meaningful participation.,,,,,,
reboot-news-74,Reboot Democracy,news-digest,News That Caught Our Eye #74,2025-09-04,https://rebootdemocracy.ai/newsthatcaughtoureye/74,"In the news on AI, governance and democracy this week, sign up for Danielle Allen and Beth Noveck's new workshop series on public engagement in the AI age. Ohio is the first state to require AI policies in K-12 schools, while Michigan bans non-consensual AI imagery.",,,,,,
reboot-news-73,Reboot Democracy,news-digest,News That Caught Our Eye #73,2025-08-28,https://rebootdemocracy.ai/newsthatcaughtoureye/73,Google reports the median Gemini text prompt consumes less energy than watching nine seconds of TV and only five drops of water — though experts stress AI’s environmental footprint still needs oversight.,,,,,,
reboot-news-72,Reboot Democracy,news-digest,News That Caught Our Eye on AI and Democracy #72,2025-08-19,https://rebootdemocracy.ai/newsthatcaughtoureye/72,"Sen. Josh Hawley probes whether Meta’s AI bots endanger children, as America’s largest landlord drops AI rent-setting under a DOJ settlement.",,,,,,
reboot-news-71,Reboot Democracy,news-digest,News That Caught Our Eye #71,2025-08-14,https://rebootdemocracy.ai/newsthatcaughtoureye/71,"The UAE is turning petroleum profits into digital influence, offering its advanced Falcon AI completely free—seeking to position itself as the neutral alternative in U.S.-China tech competition. Meanwhile, America's own AI strategy faces sharp criticism.",,,,,,
reboot-news-70,Reboot Democracy,news-digest,News That Caught Our Eye #70,2025-08-06,https://rebootdemocracy.ai/newsthatcaughtoureye/70,OpenAI will provide U.S. federal agencies access to ChatGPT Enterprise next year for $1. California approves regulations restricting how employers use AI tools in hiring while Illinois bans AI therapists.,,,,,,
reboot-news-69,Reboot Democracy,news-digest,News That Caught Our Eye #69,2025-07-30,https://rebootdemocracy.ai/newsthatcaughtoureye/69,China releases its AI action plan calling for more global cooperation to support governance and use of the technology. A Roosevelt Institute report examines how governments’ adoption of AI impacts public administrators.,,,,,,
reboot-news-68,Reboot Democracy,news-digest,News That Caught Our Eye #68,2025-07-23,https://rebootdemocracy.ai/newsthatcaughtoureye/68,"The White House unveils its “AI Action Plan” aimed at supporting the nation’s infrastructure, innovation, and global influence over the technology; critics say the plan prioritizes corporate interests over the public.",,,,,,
reboot-news-67,Reboot Democracy,news-digest,News That Caught Our Eye #67,2025-07-17,https://rebootdemocracy.ai/newsthatcaughtoureye/67,Virginia launches an AI-powered regulatory review system to simplify and update regulations while San Francisco partners with Microsoft to provide city employees access to Copilot.,,,,,,
reboot-news-66,Reboot Democracy,news-digest,News That Caught Our Eye #66,2025-07-09,https://rebootdemocracy.ai/newsthatcaughtoureye/66,"President Trump’s budget funds AI-powered surveillance, raising concerns about expanded monitoring of immigrants and student protestors. Massachusetts DOT uses AI to speed up infrastructure planning by streamlining manual searches.",,,,,,
reboot-news-65,Reboot Democracy,news-digest,News That Caught Our Eye #65,2025-07-02,https://rebootdemocracy.ai/newsthatcaughtoureye/65,"In the news this week: The Senate removes the controversial 10-year moratorium on state AI laws from the budget proposal, while a new bill would ban all AI systems controlled by foreign adversaries from use by federal agencies.",,,,,,
reboot-news-64,Reboot Democracy,news-digest,News That Caught Our Eye #64,2025-06-25,https://rebootdemocracy.ai/newsthatcaughtoureye/64,"In the news this week: New Jersey Governor Philip D. Murphy leads a panel with John Bailey, Afua Bruce and Matin Svensson of AI Sweden on “What Could Go Right with Our AI Future.” Research from Apple reveals that advanced AI models suffer ""complete accuracy collapse.” India seeks public input for…",,,,,,
reboot-news-63,Reboot Democracy,news-digest,News that Caught Our Eye #63,2025-06-18,https://rebootdemocracy.ai/newsthatcaughtoureye/63,In the news this week: Immigrant communities are using AI-powered apps to navigate the Trump administration’s surge in deportations. Amsterdam’s experiment developing an algorithmic welfare fraud detection system sparks a debate about whether AI can ever be bias-free.,,,,,,
reboot-news-62,Reboot Democracy,news-digest,News That Caught Our Eye #62,2025-06-11,https://rebootdemocracy.ai/newsthatcaughtoureye/62,In the news this week: San Francisco’s City Attorney announced plans to use AI to streamline municipal codes. A position paper argues that collective bargaining rights for information producers could help to balance their power against AI product builders.,,,,,,
reboot-news-61,Reboot Democracy,news-digest,News That Caught Our Eye #61,2025-06-05,https://rebootdemocracy.ai/newsthatcaughtoureye/61,"In the news this week: The GovLab wants your feedback on our new ""Civic and Democratic AI"" course which teaches people how to use AI to organize for community action.",,,,,,
reboot-news-60,Reboot Democracy,news-digest,News That Caught Our Eye #60,2025-05-29,https://rebootdemocracy.ai/newsthatcaughtoureye/60,In the news this week: A new whitepaper on Public AI outlines how open approaches to AI can be developed and institutionalized in the public interest.,,,,,,
reboot-news-59,Reboot Democracy,news-digest,News That Caught Our Eye #59,2025-05-22,https://rebootdemocracy.ai/newsthatcaughtoureye/59,"In the news this week: With AI transforming the legal landscape, InnovateUS announces new training programs to equip public sector legal professionals with responsible AI skills. Miami-Dade schools embrace AI, deploying chatbots to 105,000 students, although U.S.",,,,,,
reboot-news-58,Reboot Democracy,news-digest,News That Caught Our Eye #58,2025-05-15,https://rebootdemocracy.ai/newsthatcaughtoureye/58,"HAPPY GRADUATION! In this special issue, we lead with the latest in AI and education. Beth Simone Noveck challenges Kean University honors graduates to find purpose in the AI age, offering concrete advice on how to solve public problems with AI, while more than 250 U.S.",,,,,,
reboot-news-57,Reboot Democracy,news-digest,News That Caught Our Eye #57,2025-05-08,https://rebootdemocracy.ai/newsthatcaughtoureye/57,"In the news this week: Engagements with public professionals on AI – one from Dubai, one from New Jersey – showcase why to use AI to do more public listening. The White House's AI directives lack essential training provisions.",,,,,,
reboot-news-56,Reboot Democracy,news-digest,News That Caught Our Eye #56,2025-05-01,https://rebootdemocracy.ai/newsthatcaughtoureye/56,"In the news this week: Miami-Dade County released its AI strategy update, showcasing progress in implementing public-facing AI pilots while preparing for broader deployment across transportation, emergency services, and environmental management.",,,,,,
reboot-news-55,Reboot Democracy,news-digest,News That Caught Our Eye #55,2025-04-23,https://rebootdemocracy.ai/newsthatcaughtoureye/55,"In the news this week: Anirudh Dinesh documents how India is quietly rewriting the playbook for public service by training millions of officials in AI, policy, and more with the goal of delivering more citizen-centric and future-ready public services.A collection of blog posts from Reboot Democracy…",,,,,,
reboot-news-54,Reboot Democracy,news-digest,News That Caught Our Eye #54,2025-04-16,https://rebootdemocracy.ai/newsthatcaughtoureye/54,"In the news this week: Bowling Green, Kentucky used an AI-enabled platform to gather nearly 4,000 ideas from residents about priorities to include in the city’s long-term plan; the platform’s AI tools helped to surface new areas of agreement among community members, while having a human in the loop…",,,,,,
reboot-news-53,Reboot Democracy,news-digest,News That Caught Our Eye #53,2025-04-10,https://rebootdemocracy.ai/newsthatcaughtoureye/53,In the news this week: Trump administration guidelines for federal agencies’ use and procurement of AI tools calls for “maximizing” US-made AI but otherwise doesn’t stray far from Biden-era guardrails.,,,,,,
reboot-news-52,Reboot Democracy,news-digest,News That Caught Our Eye #52,2025-04-03,https://rebootdemocracy.ai/newsthatcaughtoureye/52,"In the news: New Jersey's AI Task Force has pioneered a new approach to using AI to develop policy recommendations with public input, demonstrating how AI can enhance democratic participation in policymaking.",,,,,,
reboot-news-1,Reboot Democracy,news-digest,"Rebooting Democracy - News That Caught Our Eye #1: January 22nd, 2024",,https://rebootdemocracy.ai/newsthatcaughtoureye/1,"Welcome to our weekly news download. We created this resource to highlight the updates, research, and change-making that caught our eye, stories related to ways in which AI is transforming governance and deepening democracy.",,,,,,
reboot-news-10,Reboot Democracy,news-digest,"Rebooting Democracy - News That Caught Our Eye #10: April 2nd, 2024",,https://rebootdemocracy.ai/newsthatcaughtoureye/10,"White House guidance for the use of AI by federal agencies is out! Also, new pro-democracy tools, the energy transition, and ethicizing the news ecosystem… It’s the 10th (!) edition of our weekly news download, where we highlight the stories, research, and innovations that illuminate how AI is…",,,,,,
reboot-news-11,Reboot Democracy,news-digest,"Rebooting Democracy - News That Caught Our Eye #11: April 9th, 2024",,https://rebootdemocracy.ai/newsthatcaughtoureye/11,"AI use-cases in government are all over the news this week — while the UN General Assembly, the Energy Secretary, and researchers explore the positives, Israel and Elon Musk show us the dark side of AI’s potential.",,,,,,
reboot-news-12,Reboot Democracy,news-digest,"Rebooting Democracy - News That Caught Our Eye #12: April 17th, 2024",,https://rebootdemocracy.ai/newsthatcaughtoureye/12,"The Supreme Court of Singapore and Supreme Court of India hold a joint conference on technology, with fascinating speeches on AI and the rule of law.",,,,,,
reboot-news-13,Reboot Democracy,news-digest,"News That Caught Our Eye #13: April 23rd, 2024",,https://rebootdemocracy.ai/newsthatcaughtoureye/13,"From the UAE to Buffalo, New York, this week’s news download on AI, democracy and governance covers the power grid, the copyright office, and data protection, and more.",,,,,,
reboot-news-14,Reboot Democracy,news-digest,"News That Caught Our Eye #14: April 30th, 2024",,https://rebootdemocracy.ai/newsthatcaughtoureye/14,"From national security guidelines to the new AI Grand Challenges Act, highlights of this week’s Rebooting Democracy news include Ohio using AI to streamlining its administrative code and insights into urban cooling efforts in Raleigh.",,,,,,
reboot-news-15,Reboot Democracy,news-digest,"News That Caught Our Eye #15: May 8th, 2024",,https://rebootdemocracy.ai/newsthatcaughtoureye/15,"While OpenAI and Microsoft dive deeper into election and government security work, Congress continues to take a tentative approach to drafting regulations. Furthermore, new grants fund AI research and the EU publishes the final text of its adopted AI Act.",,,,,,
reboot-news-16,Reboot Democracy,news-digest,"News That Caught Our Eye #16: May 16th, 2024",,https://rebootdemocracy.ai/newsthatcaughtoureye/16,"Healthcare policymakers from HHS to Congress consider responsible AI incorporation into the existing care process. Additionally, the U.S.",,,,,,
reboot-news-17,Reboot Democracy,news-digest,"News That Caught Our Eye #17: May 20th, 2024",,https://rebootdemocracy.ai/newsthatcaughtoureye/17,"Audrey Tang features in TIME, AI continues to eat large amounts of power, and OpenAI and Google step on some toes. In our 17th edition, we continue to highlight the stories, research, and innovations that illuminate how AI is impacting governance and democracy.",,,,,,
reboot-news-18,Reboot Democracy,news-digest,"News That Caught Our Eye #18: May 28th, 2024",,https://rebootdemocracy.ai/newsthatcaughtoureye/18,"EU data privacy experts disagree on ChatGPT, while the VA deploys AI to better support veterans. At the city level, Colorado Springs and San Jose test out new use-cases for AI in improving constituents’ information access.",,,,,,
reboot-news-19,Reboot Democracy,news-digest,"News That Caught Our Eye #19: June 4th, 2024",,https://rebootdemocracy.ai/newsthatcaughtoureye/19,"This week’s edition covers OpenAI's efforts to counter foreign influence operations, the role of AI in California’s education and government sectors, and the public’s growing support for AI in government services.",,,,,,
reboot-news-2,Reboot Democracy,news-digest,"Rebooting Democracy - News That Caught Our Eye #2: January 30th, 2024",,https://rebootdemocracy.ai/newsthatcaughtoureye/2,"Week #2 of our weekly news download. We created this resource to highlight the updates, research, and change-making that caught our eye, stories related to ways in which AI is transforming governance and deepening democracy.",,,,,,
reboot-news-20,Reboot Democracy,news-digest,"News That Caught Our Eye #20: June 25th, 2024",,https://rebootdemocracy.ai/newsthatcaughtoureye/20,"This week’s edition explores the integration of AI in education with New Jersey's “AI moonshot,” AI in nuclear arsenals, regulatory concerns among tech giants' investments, and Colorado's new AI law aimed at fairness and bias prevention.",,,,,,
reboot-news-21,Reboot Democracy,news-digest,"News That Caught Our Eye #21: July 24, 2024",,https://rebootdemocracy.ai/newsthatcaughtoureye/21,"This week in the news: Vice President Kamala Harris's record on AI, how New Orleans is using AI to triage 911 calls, why the ACLU is opposing regulation on deepfakes, and much more.",,,,,,
reboot-news-22,Reboot Democracy,news-digest,"News That Caught Our Eye #22: July 31, 2024",,https://rebootdemocracy.ai/newsthatcaughtoureye/22,"In the news this week: New research insights on how we can better understand and address democratic backsliding, how scientists are using AI to improve weather forecasting and the detection of wildfires, Brazil’s $4 billion plan to build the nation’s AI industry, and much more.",,,,,,
reboot-news-23,Reboot Democracy,news-digest,"News That Caught Our Eye #23: August 7, 2024",,https://rebootdemocracy.ai/newsthatcaughtoureye/23,"Our news roundup this week explores how public institutions are using AI to support public defenders in Kentucky, bolster training for public servants in California, and help New York City improve services from transportation to education.",,,,,,
reboot-news-24,Reboot Democracy,news-digest,"News That Caught Our Eye #24: August 14, 2024",,https://rebootdemocracy.ai/newsthatcaughtoureye/24,"This week’s stories delve into AI's role in policymaking, from reshaping public-interest investment strategies to modernizing Congress to improving economic forecasting. Other stories cover new efforts to use AI to automate scientific discovery and social science experiments.",,,,,,
reboot-news-25,Reboot Democracy,news-digest,"News That Caught Our Eye #25: August 21, 2024",,https://rebootdemocracy.ai/newsthatcaughtoureye/25,In the news this week: New insights from state IT leaders and public servants on how AI may (or may not) transform government agencies' work; how USAID and DARPA are experimenting with AI to solve problems; and the latest stories about AI-driven misinformation targeting elections and how platforms…,,,,,,
reboot-news-26,Reboot Democracy,news-digest,"News That Caught Our Eye #26: August 30, 2024",,https://rebootdemocracy.ai/newsthatcaughtoureye/26,"Our news roundup this week explores how the California AI bill is dividing silicon valley with many tech giants calling it a threat, how police have begun using AI to write incident reports, Colorado county employing AI for emergency communications, and much more.",,,,,,
reboot-news-27,Reboot Democracy,news-digest,"News That Caught Our Eye #27: September 9, 2024",,https://rebootdemocracy.ai/newsthatcaughtoureye/27,In the news this week: US seizes Russian websites used in bid to influence elections; how AI is transforming farming; and the latest stories about technology companies integrating AI in education.,,,,,,
reboot-news-28,Reboot Democracy,news-digest,"News That Caught Our Eye #28: September 18, 2024",,https://rebootdemocracy.ai/newsthatcaughtoureye/28,"In this week's news: AI pioneers call for global safeguards against potential risks of advanced technologies, while governments worldwide ramp up efforts to integrate and regulate AI.",,,,,,
reboot-news-29,Reboot Democracy,news-digest,"News That Caught Our Eye: September 25, 2024",,https://rebootdemocracy.ai/newsthatcaughtoureye/29,It’s UN General Assembly week and there are lots of stories in this week’s news on international collaboration: The U.S.,,,,,,
reboot-news-3,Reboot Democracy,news-digest,"Rebooting Democracy - News That Caught Our Eye #3: February 6th, 2024",,https://rebootdemocracy.ai/newsthatcaughtoureye/3,"A big week in the news! Read further for this week on the stories, research, and innovations that illuminate how AI is impacting governance and democracy.",,,,,,
reboot-news-30,Reboot Democracy,news-digest,"News That Caught Our Eye #30: October 3, 2024",,https://rebootdemocracy.ai/newsthatcaughtoureye/30,"This week in AI news: California Governor Gavin Newsom vetoed a controversial AI safety bill, citing concerns about hindering innovation, while a Stanford-led project argued for rethinking institutional checks and balances in the AI age.",,,,,,
reboot-news-31,Reboot Democracy,news-digest,"News That Caught Our Eye #31: October 10, 2024",,https://rebootdemocracy.ai/newsthatcaughtoureye/31,"This week in AI news: A new research study out of Ireland looks at how AI and humans can combine their strengths to solve complex problems. Meanwhile, California's new AI law targeting election-related deepfakes was blocked by a federal judge, citing First Amendment concerns.",,,,,,
reboot-news-32,Reboot Democracy,news-digest,"News That Caught Our Eye #32: October 17, 2024",,https://rebootdemocracy.ai/newsthatcaughtoureye/32,"This Week in AI News: The U.S. military is deploying the AI-powered Maven Smart System to assist in disaster relief for Hurricane Helene, while Colorado debates the use of AI facial recognition in schools, balancing safety and privacy concerns. The U.S.",,,,,,
reboot-news-33,Reboot Democracy,news-digest,"News That Caught Our Eye #33: October 24, 2024",,https://rebootdemocracy.ai/newsthatcaughtoureye/33,"This Week in AI News: The U.S. Department of Labor introduced a new roadmap designed to ensure AI enhances job quality while safeguarding worker rights. A recent study demonstrated how AI can facilitate common ground in democratic discussions, highlighting its potential to reduce division.",,,,,,
reboot-news-34,Reboot Democracy,news-digest,"News That Caught Our Eye #34 October 31, 2024",,https://rebootdemocracy.ai/newsthatcaughtoureye/34,"This Week in AI News: The U.S. Department of Labor released a blueprint to empower workers in the AI age, recommending transparency, employee input, and protection from AI surveillance, alongside training to ensure AI enhances job security and fair wages.",,,,,,
reboot-news-35,Reboot Democracy,news-digest,"News That Caught Our Eye #35 November 5, 2024",,https://rebootdemocracy.ai/newsthatcaughtoureye/35,"It's election day, and as American voters head to the polls, we’ve curated stories focused on the ways in which AI is changing the election landscape. From bolstering transparency to tackling misinformation, welcome to this special election edition of News That Caught Our Eye.",,,,,,
reboot-news-36,Reboot Democracy,news-digest,"News That Caught Our Eye #36: November 14, 2024",,https://rebootdemocracy.ai/newsthatcaughtoureye/36,This Week in AI News: A Boston Globe letter to the editor urges Massachusetts to adopt AI tools to support legislative transparency.,,,,,,
reboot-news-37,Reboot Democracy,news-digest,"News That Caught Our Eye #37: November 21, 2024",,https://rebootdemocracy.ai/newsthatcaughtoureye/37,"This Week in AI News: Frank McCourt, speaking at the Rebooting Democracy in the Age of AI Lecture Series, highlighted the dangers of Big Tech's centralized control over personal data and proposed a ""New Net"" to prioritize user-owned identities and data portability.",,,,,,
reboot-news-38,Reboot Democracy,news-digest,"News That Caught Our Eye #38: December 12, 2024",,https://rebootdemocracy.ai/newsthatcaughtoureye/38,"This Week in AI News: The state of New Jersey is training 10,000 government employees in how to responsibly use AI to deliver better public services.",,,,,,
reboot-news-39,Reboot Democracy,news-digest,"News That Caught Our Eye #39: December 18, 2024",,https://rebootdemocracy.ai/newsthatcaughtoureye/39,"This special holiday edition of AI News explores how technology is transforming the festive season! This week in AI News: OpenAI launched “12 Days of OpenAI,” featuring daily updates, demos, and product announcements. Highlights include the o1 reasoning model, ChatGPT Pro business tier, and more.",,,,,,
reboot-news-4,Reboot Democracy,news-digest,"Rebooting Democracy - News That Caught Our Eye #4: February 13th, 2024",,https://rebootdemocracy.ai/newsthatcaughtoureye/4,"This week in the news: semiconductor chips, Pakistani elections, and a lot of updates from the federal space. It’s our weekly news download, where we highlight the stories, research, and innovations that illuminate how AI is impacting governance and democracy.",,,,,,
reboot-news-40,Reboot Democracy,news-digest,"News That Caught Our Eye #40: January 10, 2025",,https://rebootdemocracy.ai/newsthatcaughtoureye/40,AI News This Week: Congressional rules package instructs officials in the U.S. House of Representatives to continue to integrate AI into House operations.,,,,,,
reboot-news-41,Reboot Democracy,news-digest,News That Caught Our Eye #41,,https://rebootdemocracy.ai/newsthatcaughtoureye/41,New This Week! The Biden Administration's swan song on AI policy arrived this week with two executive orders - one on AI infrastructure and another on cybersecurity.,,,,,,
reboot-news-42,Reboot Democracy,news-digest,News That Caught Our Eye #42,,https://rebootdemocracy.ai/newsthatcaughtoureye/42,"In a major shift in U.S. AI policy, President Trump has issued an executive order repealing President Biden's previous AI safety regulations and announced the ""Stargate"" initiative, a $100 billion program aimed at strengthening U.S. AI infrastructure.",,,,,,
reboot-news-43,Reboot Democracy,news-digest,News That Caught Our Eye #43,,https://rebootdemocracy.ai/newsthatcaughtoureye/43,Montgomery County’s Michael Baskin uses AI as a disaster planning partner while the Bank of Canada’s Stephanie Kelton uses AI as an economic simulation planning partner and Harvard Business School's Mitch Weiss uses AI agents for just about everything.,,,,,,
reboot-news-44,Reboot Democracy,news-digest,News That Caught Our Eye #44,,https://rebootdemocracy.ai/newsthatcaughtoureye/44,An AEI report argues that AI isn't ready to draft regulations while the EU starts enforcing theirs. OpenAI made progress with AI Agents and New Jersey unveiled its $72M AI Hub at Princeton. Code for America published an “AI Cheat Sheet” for government and Canada explores a Citizens Assembly on AI.,,,,,,
reboot-news-45,Reboot Democracy,news-digest,News That Caught Our Eye #45,,https://rebootdemocracy.ai/newsthatcaughtoureye/45,This week in the headlines: Canada’s Justin Longo writes about governments using AI to deliver multilingual services while Elon Musk is developing a chatbot for the federal government called GSAi in an effort to reduce the federal workforce. Klarna is laying off workers because of AI.,,,,,,
reboot-news-46,Reboot Democracy,news-digest,News That Caught Our Eye #46,,https://rebootdemocracy.ai/newsthatcaughtoureye/46,"This week in the news: A new report examines the promises and pitfalls of AI in 2024's global elections, highlighting how GenAI can both enhance political engagement and amplify disinformation.",,,,,,
reboot-news-47,Reboot Democracy,news-digest,News That Caught Our Eye #47,,https://rebootdemocracy.ai/newsthatcaughtoureye/47,McKinsey explores the rise of AI in the workplace while Pew finds that half of workers (52%) say they’re worried about AI at work and Dane Gambrell argues that AI is being used as an excuse for mass layoffs in the federal government.,,,,,,
reboot-news-48,Reboot Democracy,news-digest,News That Caught Our Eye #48,,https://rebootdemocracy.ai/newsthatcaughtoureye/48,"In the news this week: Beth Simone Noveck raises concerns about President Trump's nominee to lead the Office of Science and Technology Policy, arguing the nomination reveals a national AI strategy lacking vision beyond deregulation and failing to address AI's role in government modernization.",,,,,,
reboot-news-49,Reboot Democracy,news-digest,News That Caught Our Eye #49,,https://rebootdemocracy.ai/newsthatcaughtoureye/49,"In the news this week: Tech groups warn that budget cuts to the National Institute of Standards and Technology could undermine US AI leadership, urging officials to preserve the agency's critical role in standards development.",,,,,,
reboot-news-5,Reboot Democracy,news-digest,"Rebooting Democracy - News That Caught Our Eye #5: February 20th, 2024",,https://rebootdemocracy.ai/newsthatcaughtoureye/5,"This week in the news: Sora’s launch, gun control deep fakes, and AI updates from Estonia to Singapore. It’s our weekly news download, where we highlight the stories, research, and innovations that illuminate how AI is impacting governance and democracy.",,,,,,
reboot-news-50,Reboot Democracy,news-digest,News That Caught Our Eye #50,,https://rebootdemocracy.ai/newsthatcaughtoureye/50,In the news this week: A report from the Center for Democracy & Technology finds that civic tech organizations in Mexico and Taiwan effectively used AI tools to combat AI-driven information in last year’s elections while Cornell’s Frank Pasquale argues that AI poses a threat to democratic processes.,,,,,,
reboot-news-51,Reboot Democracy,news-digest,News That Caught Our Eye #51,,https://rebootdemocracy.ai/newsthatcaughtoureye/51,In the news this week: The National Governors Association and partners will bring together state AI leaders at Princeton University this June to develop practical frameworks for responsible AI use.,,,,,,
reboot-news-6,Reboot Democracy,news-digest,"Rebooting Democracy - News That Caught Our Eye #6: February 27th, 2024",,https://rebootdemocracy.ai/newsthatcaughtoureye/6,"An interesting week in the news: Gemini stumbles, Reddit makes waves, India confronts Google, and Sal Khan confronts his own obsolescence. It’s our weekly news download, where we highlight the stories, research, and innovations that illuminate how AI is impacting governance and democracy.",,,,,,
reboot-news-7,Reboot Democracy,news-digest,"Rebooting Democracy - News That Caught Our Eye #7: March 14th, 2024",,https://rebootdemocracy.ai/newsthatcaughtoureye/7,"This week in the news: the Pulitzers, the State of the Union, and International Women’s Day! It’s our weekly news download, where we highlight the stories, research, and innovations that illuminate how AI is impacting governance and democracy.",,,,,,
reboot-news-8,Reboot Democracy,news-digest,"Rebooting Democracy - News That Caught Our Eye #8: March 18th, 2024",,https://rebootdemocracy.ai/newsthatcaughtoureye/8,"This week in the news: the EU AI Act, India changes its mind (again) and Gemini won’t answer your election questions! It’s our weekly news download, where we highlight the stories, research, and innovations that illuminate how AI is impacting governance and democracy",,,,,,
reboot-news-9,Reboot Democracy,news-digest,"Rebooting Democracy - News That Caught Our Eye #9: March 25th, 2024",,https://rebootdemocracy.ai/newsthatcaughtoureye/9,"This week in the news: generative AI on the Hill, at the campaign front lines, and in higher education! It’s our weekly news download, where we highlight the stories, research, and innovations that illuminate how AI is impacting governance and democracy.",,,,,,
innovateus-workshop-477,InnovateUS,workshop,Managing AI Risk Across the Organization,2026-12-16,https://innovate-us.org/managing-ai-risk-across-the-organization,"Explore how public agencies can manage AI-related risks through clear governance, staff guidance, escalation processes, and collaboration across technical and nontechnical teams.",I-Sah Hsieh; Stephen N Miller,,,en-US,,
innovateus-workshop-520,InnovateUS,workshop,Hiring for AI Readiness,2026-12-15,https://innovate-us.org/hiring-for-ai-readiness-ai-for-public-hr-professionals,"As AI tools become part of everyday government work, agencies face a new hiring question: how do you evaluate whether a candidate can use AI effectively, ethically, and with good judgment?",,Artificial Intelligence,,en-US,,
innovateus-workshop-484,InnovateUS,workshop,What Works—and What Doesn't,2026-12-14,https://innovate-us.org/what-worksand-what-doesnt,"Agentic systems create new opportunities but also new risks. Drawing on lessons from early adopters, this session examines what agencies are learning about reliability, privacy and security, human oversight, transparency, accountability, and governance.",Josiah Raiche,Artificial Intelligence,,en-US,,
innovateus-workshop-466,InnovateUS,workshop,Scaling Government Innovation,2026-12-10,https://innovate-us.org/scaling-government-innovation,"Many public agencies are experimenting with AI, but the harder work begins after a promising pilot. To create lasting public value, governments need ways to measure impact, sustain digital services, share what works, and build the internal capacity to keep improving over time.",,,,en-US,,
innovateus-workshop-476,InnovateUS,workshop,Evaluating AI Tools and Vendors,2026-12-09,https://innovate-us.org/evaluating-ai-tools-and-vendors,"Learn what questions to ask about data, security, access, vendor practices, and contractual protections before your agency adopts an AI-enabled product or service.",Jae Yeon Kim; James Saunders,,,en-US,,
innovateus-workshop-495,InnovateUS,workshop,Skills-Based Hiring in the Age of AI,2026-12-08,https://innovate-us.org/skills-based-hiring-in-the-age-of-ai,"How AI is changing skills requirements, writing better job descriptions, identifying competencies, reducing degree requirements, and modernizing hiring practices.",,Artificial Intelligence,,en-US,,
innovateus-workshop-517,InnovateUS,workshop,Skills-Based Hiring in the Age of AI,2026-12-08,https://innovate-us.org/skills-based-hiring-in-the-age-of-ai-for-public-hr-professionals-series,"AI is changing what ""qualified"" looks like — helping agencies write better job descriptions, identify the competencies that actually matter for a role, reduce unnecessary degree requirements, and modernize outdated hiring practices.",,Artificial Intelligence,,en-US,,
innovateus-workshop-483,InnovateUS,workshop,Bringing Agents to Work,2026-12-07,https://innovate-us.org/bringing-agents-to-work,"Technology adoption is ultimately a people challenge. How do agencies help staff move from occasional AI use to meaningful integration into everyday work? This session examines strategies for workforce adoption, training, change management, experimentation, and learning.",Ott Velsberg; Jason Prow,Artificial Intelligence,,en-US,,
innovateus-workshop-465,InnovateUS,workshop,Building High-Performing Product Teams,2026-12-04,https://innovate-us.org/building-high-performing-product-teams,"AI-enabled services are not built by technology teams alone. Strong public-sector products require collaboration across product, design, engineering, procurement, policy, legal, program, and service delivery teams — each bringing knowledge that helps ensure the product is useful, responsible, and…",,,,en-US,,
innovateus-workshop-475,InnovateUS,workshop,When AI Creates New Risks,2026-12-02,https://innovate-us.org/when-ai-creates-new-risks,Learn to recognize common and emerging cybersecurity risks associated with AI and understand how everyday uses of AI can create security and operational consequences for public agencies.,Nicol Turner Lee; Paul McCabe,,,en-US,,
innovateus-workshop-514,InnovateUS,workshop,Using AI in Public-Sector HR,2026-12-01,https://innovate-us.org/using-ai-in-public-sector-hr-for-hr-professionals,"Job descriptions, applicant communications, onboarding, classification, recruitment marketing, and workforce planning are some of the most time-consuming parts of public HR work — and also some of the most promising places for AI to lighten the load.",,Artificial Intelligence,,en-US,,
innovateus-workshop-482,InnovateUS,workshop,From Prompts to Workflows,2026-11-30,https://innovate-us.org/from-prompts-to-workflows,Most public professionals use AI one task at a time. Agents offer the possibility of creating reusable workflows that can support recurring work.,William (Bill) Resh,Artificial Intelligence,,en-US,,
innovateus-workshop-511,InnovateUS,workshop,"Communicating Across Language and Cultural Barriers: Equity, Access, and Multilingual Outreach",2026-11-19,https://innovate-us.org/communicating-across-language-and-cultural-barriers-equity-access-and-multilingual-outreach,"A five-person comms team can now do things in twelve languages that used to require twelve contractors. That's the opportunity. The risk is doing it badly: machine-translated documents with no cultural context, sent into communities where trust was already thin. This session is the difference.",Marelyn Rivera; Jess Moore Matthews,,,en-US,,
innovateus-workshop-507,InnovateUS,workshop,Putting Public and Democratic AI into Practice,2026-11-18,https://innovate-us.org/putting-public-and-democratic-ai-into-practice,"This closing session looks at concrete examples of how public institutions have used, built, or bought AI in ways that keep meaningful control in public hands.",Magnus Sahlgren,Artificial Intelligence,,en-US,,
innovateus-workshop-464,InnovateUS,workshop,The Rise of the Citizen Developer,2026-11-17,https://innovate-us.org/the-rise-of-the-citizen-developer,"AI is expanding who can help build and improve government services. Policy experts, analysts, program managers, and frontline staff can now use AI-enabled tools to prototype applications, automate routine workflows, and solve operational problems that once required specialized technical support.",,,,en-US,,
innovateus-workshop-481,InnovateUS,workshop,From Chatbots to Agents,2026-11-16,https://innovate-us.org/from-chatbots-to-agents,"AI agents are often described as the next generation of AI, but the reality is more nuanced. Most organizations move gradually from using AI for drafting and research to using AI that remembers context, automates tasks, coordinates workflows, and eventually takes action on a user's behalf.",Deborah Stine; Ray Bell,Artificial Intelligence,,en-US,,
innovateus-workshop-505,InnovateUS,workshop,How Governments Are Buying AI Now,2026-11-16,https://innovate-us.org/how-governments-are-buying-ai-now,"Governments and public bodies have many ways of acquiring AI tools: enterprise licenses, pilots, features embedded in software they already use, and heavily discounted offers built for the public sector.",,Artificial Intelligence,,en-US,,
innovateus-workshop-510,InnovateUS,workshop,Explaining AI: How Communicators Can Explain What Their Agency Is Doing with AI,2026-11-12,https://innovate-us.org/explaining-ai-how-communicators-can-explain-what-their-agency-is-doing-with-ai,"Your agency is probably already using AI to process applications, flag fraud, or route services. Most residents don't know. When they find out, they'll have three questions: Who's accountable? Can it be wrong? What happens to my data? The communicators who can answer plainly will build trust.",Lee Rainie,Artificial Intelligence,,en-US,,
innovateus-workshop-523,InnovateUS,workshop,Building AI With Your Workforce: Workers as Co-Designers,2026-11-10,https://innovate-us.org/building-ai-with-your-workforce-workers-as-co-designers,"Even with trust and governance in place, many agencies still design and deploy AI tools without ever bringing frontline workers into the actual development process.",Richard Oppenheim; Lauren Maffeo,Artificial Intelligence,,en-US,,
innovateus-workshop-463,InnovateUS,workshop,From Projects to Products,2026-11-09,https://innovate-us.org/from-projects-to-products,"Explore how public agencies can shift toward a product mindset focused on continuous improvement, user needs, and measurable public outcomes.",,,,en-US,,
innovateus-workshop-506,InnovateUS,workshop,What is Public and Democratic AI and Why it Matters,2026-11-09,https://innovate-us.org/what-is-public-and-democratic-ai-and-why-it-matters,"A growing set of efforts argues that the public should have a more direct stake in how AI systems are built and overseen. This idea travels under several names, public AI and democratic AI among them.",Joshua Tan; Alek Tarkowski,Artificial Intelligence,,en-US,,
innovateus-workshop-509,InnovateUS,workshop,Communicating in a Fragmented Media Landscape: Reaching Audiences Across Platforms and Echo Chambers,2026-11-05,https://innovate-us.org/communicating-in-a-fragmented-media-landscape-reaching-audiences-across-platforms-and-echo-chambers,"A press release, a press conference, the local paper, a public meeting. That used to be the whole job.",Michael Appleton,Artificial Intelligence,,en-US,,
innovateus-workshop-462,InnovateUS,workshop,AI Changes: Buy vs. Build,2026-11-04,https://innovate-us.org/ai-changes-buy-vs-build,Explore how AI is changing the economics of government technology and what that means for buy-versus-build decisions.,,,,en-US,,
innovateus-workshop-522,InnovateUS,workshop,Governance With Workers: Building Joint Frameworks,2026-11-02,https://innovate-us.org/governance-with-workers-building-joint-frameworks,"Trust-building conversations are a starting point — but lasting change requires structure. This workshop looks at how public agencies and their unions have moved beyond one-off conversations to build joint governance frameworks that give workers a real, ongoing role in shaping AI policy.",Alice Marshall; Saher Noor,Artificial Intelligence,,en-US,,
innovateus-workshop-493,InnovateUS,workshop,Building and Buying Legal AI,2026-10-28,https://innovate-us.org/building-and-buying-legal-ai,"The market for legal AI tools is expanding rapidly. At the same time, many organizations are creating their own custom assistants, knowledge systems, and workflow tools. This session examines how public-sector legal offices can evaluate, procure, configure, and govern AI systems.",Carter Saar; Sean Harrington,Artificial Intelligence,,en-US,,
innovateus-workshop-490,InnovateUS,workshop,Governing Prediction,2026-10-27,https://innovate-us.org/governing-prediction,"What questions should public professionals ask before adopting a predictive system? How should agencies evaluate performance, monitor outcomes, and maintain accountability when predictive tools are used to inform decisions?",Mihir Kshirsagar,Artificial Intelligence,,en-US,,
innovateus-workshop-521,InnovateUS,workshop,Talking to Your Workers: Trust Before Technology,2026-10-26,https://innovate-us.org/talking-to-your-workers-trust-before-technology,"Before an agency chooses a tool, vendor, or rollout timeline, it needs to have an honest conversation with the people who will actually use the technology.",Jim Brown,Artificial Intelligence,,en-US,,
innovateus-workshop-487,InnovateUS,workshop,"Benefits Access and Delivery: Using AI to Expand Reach, Simply Systems, and Improve Integrity",2026-10-22,https://innovate-us.org/benefits-access-and-delivery-using-ai-to-expand-reach-simply-systems-and-improve-integrity,"Public health outcomes are shaped not only by healthcare, but also by whether residents can successfully access the benefits and supports available to them. Yet public benefits systems remain difficult to navigate, fragmented across agencies, and burdensome for both residents and administrators.",Alister Martin; Ariel Kennan,Artificial Intelligence,,en-US,,
innovateus-workshop-492,InnovateUS,workshop,AI and Legal Ethics in Public Service,2026-10-21,https://innovate-us.org/ai-and-legal-ethics-in-public-service,"How do professional responsibility obligations apply when AI is used in legal practice? This session explores competence, confidentiality, supervision, transparency, accountability, and the continuing role of human judgment.",Ari Telisman,Artificial Intelligence,,en-US,,
innovateus-workshop-489,InnovateUS,workshop,"The Good, the Bad, and the Ugly",2026-10-20,https://innovate-us.org/the-good-the-bad-and-the-ugly,"Some predictive systems have helped governments improve inspections, anticipate service needs, target interventions, and allocate resources more effectively. Others have failed because of poor data, flawed assumptions, feedback loops, bias, or misplaced confidence in uncertain forecasts.",Aleksandra Korolova,Artificial Intelligence,,en-US,,
innovateus-workshop-480,InnovateUS,workshop,AI Tools Showcase — What's Out There and How to Evaluate It,2026-10-19,https://innovate-us.org/ai-tools-showcase-whats-out-there-and-how-to-evaluate-it,"See how public procurement teams are evaluating AI tools, including contract analytics, RFP drafting assistants, and AI-enabled ERP features, from people who've actually used them. Hear how municipalities have selected and scoped a tool for its own procurement needs.",Santiago Garces,Artificial Intelligence,,en-US,,
innovateus-workshop-486,InnovateUS,workshop,Health Information in the AI Era: Combating Misinformation and Reaching the Public,2026-10-15,https://innovate-us.org/health-information-in-the-ai-era-combating-misinformation-and-reaching-the-public,"Public health agencies are entering a new information environment in which artificial intelligence is changing not only how information is created and distributed, but also how residents search for, interpret, and trust health guidance.",John Wihbey; Jessica Malaty Rivera,Artificial Intelligence,,en-US,,
innovateus-workshop-491,InnovateUS,workshop,AI in Practice: How Public-Sector Lawyers Are Using AI,2026-10-14,https://innovate-us.org/ai-in-practice-how-public-sector-lawyers-are-using-ai,"How are government attorneys and legal staff actually using AI today? This session explores practical applications across legal research, drafting, policy analysis, procurement, compliance, public guidance, investigations, discovery, and document review.",Jennifer Sellitti,Artificial Intelligence,,en-US,,
innovateus-workshop-488,InnovateUS,workshop,Prediction Isn't Judgment: What Predictive AI Can—and Cannot—Do,2026-10-13,https://innovate-us.org/prediction-isnt-judgment-what-predictive-ai-canand-cannotdo,"Predictive systems are increasingly used to forecast risks, identify priorities, allocate resources, and support public-sector decision-making. But prediction is not the same as judgment.",Aleksandra Korolova; Manoel Horta Ribeiro,Artificial Intelligence,,en-US,,
innovateus-workshop-485,InnovateUS,workshop,The Basics and the Breakthrough Opportunities,2026-10-08,https://innovate-us.org/the-basics-and-the-breakthrough-opportunities,"Public health is one of the most important—and underdeveloped—frontiers for artificial intelligence. While AI is rapidly reshaping clinical care, its application in public health remains early, fragmented, and full of untapped potential.",Lawrence Madoff; Andrea V King,Artificial Intelligence,,en-US,,
innovateus-workshop-471,InnovateUS,workshop,Principles for Public-Sector AI Evaluation,2026-10-06,https://innovate-us.org/principles-for-public-sector-ai-evaluation,"Drawing on lessons from research and practice, this session presents a practical framework for evaluating AI in government.",Dan Chenok; Michael Chen,,,en-US,,
innovateus-workshop-479,InnovateUS,workshop,AI Across the Procurement Lifecycle — Where Does It Actually Fit?,2026-10-05,https://innovate-us.org/ai-across-the-procurement-lifecycle-where-does-it-actually-fit,"Explore where AI tools fit across the procurement lifecycle, whether planning, solicitation, evaluation, and contract management. See a large-state perspective on integrating AI into a high-volume procurement operation, including where it adds the most value and where human judgement still leads.",Angela Shell,Artificial Intelligence,,en-US,,
innovateus-workshop-470,InnovateUS,workshop,Try Before and After You Buy,2026-09-29,https://innovate-us.org/try-before-and-after-you-buy,"This session explores how agencies can monitor performance over time, detect emerging problems, and understand when an initially successful implementation may require adjustment or reevaluation.",Patrick McLoughlin; Kathrin Frauscher,,,en-US,https://www.youtube.com/watch?v=R2JPKppLZJ8,54
innovateus-workshop-478,InnovateUS,workshop,Getting Started Without Getting Overwhelmed - How procurement teams are taking their first AI steps,2026-09-28,https://innovate-us.org/getting-started-without-getting-overwhelmed,Learn how procurement teams are taking their first steps with AI without a big budget or a dedicated tech team.,Aran D Raz; Daniel Culotta,Artificial Intelligence,,en-US,https://www.youtube.com/watch?v=epaktOdEVr0,57
innovateus-workshop-474,InnovateUS,workshop,"Policy Choices, Investment Strategies, and Governance",2026-09-24,https://innovate-us.org/policy-choices-investment-strategies-and-governance,"Explore how governments are using policy, regulation, planning, procurement, and investment to manage AI-related infrastructure growth while balancing innovation, community impacts, grid reliability, and environmental goals.",Patrick C. Woodcock; Michael Furze; Letha Tawney,,,en-US,https://www.youtube.com/watch?v=Y2fifFnGkM4,55
innovateus-workshop-469,InnovateUS,workshop,"Comparing Humans, AI, and Human-AI Teams",2026-09-22,https://innovate-us.org/comparing-humans-ai-and-human-ai-teams,"Explore methods for comparing human-only, AI-only, and human-plus-AI workflows and identifying where AI adds value, where it creates risks, and where hybrid approaches perform best.",Vera Liao; Amy Perez,,,en-US,https://www.youtube.com/watch?v=QhaMpiqFkJc,56
innovateus-workshop-473,InnovateUS,workshop,Using AI to Improve Energy and Environmental Systems,2026-09-17,https://innovate-us.org/using-ai-to-improve-energy-and-environmental-systems,"Explore how public agencies, utilities, and environmental organizations are using AI across energy and environmental systems, where these applications are delivering value, and how organizations can evaluate their effectiveness and impact.",Christoph Quasney; Andrew Hautzinger,,,en-US,https://www.youtube.com/watch?v=CrDKFHnfcZs,56
innovateus-workshop-468,InnovateUS,workshop,Measuring What Matters,2026-09-15,https://innovate-us.org/measuring-what-matters,"This session examines how agencies can move beyond productivity measures to define success in terms of service quality, accuracy, equity, public trust, resident and worker experience, and public outcomes.",Santiago Garces; Denise Reilly Hughes,,,en-US,https://www.youtube.com/watch?v=_fYtQ_IycB8,57
innovateus-workshop-472,InnovateUS,workshop,"AI, Data Centers, and Growing Resource Demands",2026-09-10,https://innovate-us.org/ai-data-centers-and-growing-resource-demands,"This session examines what is driving AI-related resource demand, what remains uncertain, and how public officials can evaluate competing claims about economic development, sustainability, affordability, and reliability.",Deborah Stine; Kate Wright; Maria Effertz,,,en-US,https://www.youtube.com/watch?v=t20PqbfT1SE,56
innovateus-workshop-467,InnovateUS,workshop,Why Measuring AI Is Hard,2026-09-08,https://innovate-us.org/why-measuring-ai-is-hard,"Explore the limitations of common AI benchmarks, the differences between predictive and generative AI systems, and why performance in laboratory tests often fails to predict success in real-world settings.",Arvind Narayanan,,,en-US,https://www.youtube.com/watch?v=vse9xdXylBo,56
innovateus-workshop-418,InnovateUS,workshop,How Government Adapts: Learning from Community Experience,2026-07-16,https://innovate-us.org/beyond-the-numbers-community-learning-qualitative-insights-and-adaptive-management,"This moderated discussion examines how governments use interviews, focus groups, community listening sessions, observations, case studies, and stakeholder engagement to better understand program performance, community experiences, and implementation challenges.",Ojeda Hall-France; Molly Sullivan; Robert Vehock,Implementation,,en-US,,
innovateus-workshop-377,InnovateUS,workshop,Helping the Helpers: AI Tools for Frontline Resident Service,2026-07-15,https://innovate-us.org/the-ai-solution-smarter-tools-for-public-call-centers,"This workshop explores how governments are using AI to help frontline staff answer resident questions more accurately, navigate complex policies more efficiently, and provide better service across public contact centers.",Beji Joseph; Tosin Adebiyi,Artificial Intelligence,,ca-ES; en-US; es-ES; eu-ES; fr-FR; it-IT; nl-BE,https://www.youtube.com/watch?v=AAxtoXbmAn0,51
innovateus-workshop-417,InnovateUS,workshop,How Government Acts: Putting Data to Work,2026-07-14,https://innovate-us.org/measuring-progress-and-adjusting-course-data-evaluation-and-adaptive-management-in-practice,"This moderated discussion focuses on how state and local agencies use quantitative information to monitor implementation, assess effectiveness, identify challenges, demonstrate program worthiness, and adapt programs over time.",Marcus Morgan; Weston Merrick,Implementation,,en-US,,
innovateus-workshop-416,InnovateUS,workshop,How Government Learns: Building the Feedback Loop,2026-07-13,https://innovate-us.org/making-government-work-better-an-introduction-to-program-evaluation-continuous-improvement-and-adaptive-management,This introductory session provides a practical overview of how state and local governments can move beyond compliance-oriented reporting toward more adaptive and learning-oriented approaches to program management.,Amber Ivey; Patrick Carter,Implementation,,en-US,https://www.youtube.com/watch?v=Gyi1Lu7XC9c,55
innovateus-workshop-376,InnovateUS,workshop,Inside the Modernization of High-Volume Call Centers,2026-07-08,https://innovate-us.org/understanding-the-frontline-of-resident-service,Public benefits programs field enormous call volumes — and the pressure on those systems became impossible to ignore during and after the pandemic. This workshop features practitioners from two state agencies who led call center modernization efforts from the inside.,Jaime Brancato; Cynthia Romero; Ed Kwiatkowski,Artificial Intelligence,,ca-ES; en-US; es-ES; eu-ES; fr-FR; it-IT; nl-BE,https://www.youtube.com/watch?v=w6U2K1BNvuc,57
innovateus-workshop-375,InnovateUS,workshop,What Responsive Government Looks Like: Designing Effective Public Contact Centers,2026-07-01,https://innovate-us.org/what-good-looks-like-designing-effective-public-call-centers,"Public contact centers are often the primary way residents interact with government, yet many were built for a different era and haven't kept pace with resident expectations or modern service delivery.",Joe DeLaTorre; Shashank Sundareshan; Jason Longenecker; Gavin Suares,Artificial Intelligence,,ca-ES; en-US; es-ES; eu-ES; fr-FR; it-IT; nl-BE,https://www.youtube.com/watch?v=A8aqqGabCkE,58
innovateus-workshop-428,InnovateUS,workshop,The Prompting Lab Office Hours: Bring Your AI Questions,2026-06-26,https://innovate-us.org/the-prompting-lab-office-hours-bring-your-ai-questions,"After learning the basics of prompt structure, the next step is practice. This follow-up office hours session gives you a chance to bring your questions, test prompts, troubleshoot challenges, and learn from peers who are also beginning to use generative AI in their work.",Stephan Schmidt,Implementation,,ca-ES; en-US; es-ES; eu-ES; fr-FR; nl-BE,,
innovateus-workshop-321,InnovateUS,workshop,Invisible Barriers: Disability Rights and Public Sector AI,2026-06-25,https://innovate-us.org/invisible-barriers,"This workshop moves beyond high-level discussions of responsible AI to focus on practical public-sector challenges and decisions. Participants will examine how AI-enabled systems can either improve or undermine accessibility depending on how they are designed, procured, implemented, and monitored",Ariana Aboulafia; Jay Wyant; Aaron Page; Marie Cohan,Artificial Intelligence, The Environmental Challenges and Opportunities of AI,ca-ES; en-US; es-ES; eu-ES; fr-FR; it-IT; nl-BE,https://www.youtube.com/watch?v=W3yNzJ-UDW8,55
innovateus-workshop-319,InnovateUS,workshop,"Power, Place, and AI: Energy, Environment, and AI Data Centers",2026-06-23,https://innovate-us.org/power-place-ai,"This session examines the practical policy and governance challenges surrounding AI infrastructure and explores how public leaders can balance innovation, reliability, sustainability, affordability, and community impacts as AI adoption accelerates.",Jessica Shirley; Michael Jung; Laura Jay,Artificial Intelligence,Seeing the Unseen: Identifying and Mitigating Bias in Government AI,ca-ES; en-US; es-ES; eu-ES; fr-FR; it-IT; nl-BE,https://www.youtube.com/watch?v=KcU2wKHvlx0,59
innovateus-workshop-419,InnovateUS,workshop,Prompting Lab: The Elements of a Good Prompt,2026-06-12,https://innovate-us.org/prompting-lab-the-elements-of-a-good-prompt-workshop-description,"Getting useful results from generative AI starts with knowing how to ask the right question. For public professionals who are new to AI tools, prompting can feel like guesswork: What information should you include? How much context is enough?",Stephan Schmidt,Implementation,,en-US,https://www.youtube.com/watch?v=qocBXWlMGac,56
innovateus-workshop-320,InnovateUS,workshop,Beyond Displacement: Building an AI-Ready Workforce,2026-06-11,https://innovate-us.org/beyond-displacement-building-an-ai-ready-workforce,"This session explores the workforce impacts of AI in the public sector, including displacement risks, changing roles, productivity pressures, and opportunities to make public work more enjoyable, effective and sustainable.",Rob Asaro Angelo; Vanitha Zacharias; Katrina Flory,Artificial Intelligence,Beyond Displacement: Building an AI-Ready Workforce,ca-ES; en-US; es-ES; eu-ES; fr-FR; it-IT; nl-BE,https://www.youtube.com/watch?v=3RFNVusazHQ,58
innovateus-workshop-392,InnovateUS,workshop,AI Legal Products Showcase,2026-05-27,https://innovate-us.org/ai-legal-products-showcase,"This session showcases innovative applications of AI in legal practice. Participants will learn how AI tools are being deployed to streamline legal processes, provide legal information to underserved communities, and identify individuals who qualify for legal assistance.",Jennifer Sellitti; Sean Harrington,Artificial Intelligence,,ca-ES; en-US; es-ES; eu-ES; fr-FR; it-IT; nl-BE,https://www.youtube.com/watch?v=cq3A73gJirQ,59
innovateus-workshop-388,InnovateUS,workshop,Enabling great performance,2026-05-22,https://innovate-us.org/enabling-great-performance,"This session examines how organizations can adapt over time in ways that preserve core values while evolving their structures, practices, and priorities to support strong performance in changing conditions.",Anita McGahan,Implementation,,ca-ES; en-US; es-ES; eu-ES; fr-FR; it-IT; nl-BE,https://www.youtube.com/watch?v=93MTRrlWc3w,57
innovateus-workshop-411,InnovateUS,workshop,Prompting Lab Office Hours: Bring your AI Question,2026-05-22,https://innovate-us.org/office-hours-may22,"Join for Prompting Lab Office Hours, a live space for public sector professionals to ask questions, test ideas, and troubleshoot how generative AI fits into daily work. Bring what you’re working on and walk away with clearer, more confident next steps.",,Artificial Intelligence,,ca-ES; en-US; es-ES; eu-ES; fr-FR; nl-BE,,
innovateus-workshop-400,InnovateUS,workshop,Hiring for UX Roles and Building Agency UX Practices,2026-05-21,https://innovate-us.org/hiring-for-ux-roles-and-building-agency-ux-practices,"The session will examine how agencies can think about hiring for UX roles, developing the right team structures, and embedding user-centered practices into ongoing work.",Keith Wilson; Dea De Jarisco; Matte Scheinker,Implementation,,ca-ES; en-US; es-ES; eu-ES; fr-FR; it-IT; nl-BE,https://www.youtube.com/watch?v=yOtbF0QPG_k,82
innovateus-workshop-391,InnovateUS,workshop,Crafting AI Use Policies,2026-05-20,https://innovate-us.org/crafting-ai-use-policies,"This session provides guidance on developing robust policies for AI usage within a government setting. The session provides a framework for structuring a comprehensive AI use policy, including security, privacy, transparency, equity, accountability and oversight, and effectiveness.",Marlene Biener; Melissa Szozda Smith,Artificial Intelligence,,ca-ES; en-US; es-ES; eu-ES; fr-FR; it-IT; nl-BE,https://www.youtube.com/watch?v=7Fn9voErstU,56
innovateus-workshop-387,InnovateUS,workshop,Giving and receiving feedback,2026-05-18,https://innovate-us.org/giving-and-receiving-feedback,"This session explores how to make performance feedback more constructive, useful, and actionable for both the person receiving it and the person delivering it.",Anita McGahan,Implementation,,ca-ES; en-US; es-ES; eu-ES; fr-FR; it-IT; nl-BE,https://www.youtube.com/watch?v=Ld3sCjMYvKo,58
innovateus-workshop-386,InnovateUS,workshop,Understanding personal strengths,2026-05-15,https://innovate-us.org/session-6,"This session helps participants identify their strengths, reflect on the conditions that allow them to do their best work, and develop a more grounded approach to personal growth and contribution.",Anita McGahan,Implementation,,ca-ES; en-US; es-ES; eu-ES; fr-FR; it-IT; nl-BE,https://www.youtube.com/watch?v=pjL24GAUBVk,58
innovateus-workshop-399,InnovateUS,workshop,Defining Problem Spaces and Developing a UX Plan,2026-05-14,https://innovate-us.org/defining-problem-spaces-and-developing-a-ux-plan,"In this 90-minute session, participants will learn how to better define service delivery problems and translate them into a practical UX plan.",Keith Wilson; Cindy Phan,Problem Definition,,ca-ES; en-US; es-ES; eu-ES; fr-FR; it-IT; nl-BE,https://www.youtube.com/watch?v=SwQV88gOECI,81
innovateus-workshop-409,InnovateUS,workshop,Ten Things To Know About Data Centers,2026-05-14,https://innovate-us.org/about-data-centers,"Build a practical understanding of how data centers work and what drives their growth. Examine how decisions about siting, energy consumption, resilience, and community impact intersect with public priorities.",Deborah Stine,Artificial Intelligence,,ca-ES; en-US; es-ES; eu-ES; fr-FR; it-IT; nl-BE,https://www.youtube.com/watch?v=HmlZJ8kBTC4,58
innovateus-workshop-390,InnovateUS,workshop,AI and Legal Ethics,2026-05-13,https://innovate-us.org/ai-and-legal-ethics,"As artificial intelligence rapidly transforms the legal landscape, practitioners face a pivotal moment in redefining how law is researched, practiced, and delivered.",Ari Telisman,Artificial Intelligence,,ca-ES; en-US; es-ES; eu-ES; fr-FR; it-IT; nl-BE,https://www.youtube.com/watch?v=VN4oejHGdQs,60
innovateus-workshop-369,InnovateUS,workshop,Prompting Lab Office Hours: Bring your AI Questions,2026-05-08,https://innovate-us.org/prompting-lab-office-hours-bring-your-ai-q,"Join Jus for Prompting Lab Office Hours, a live space for public sector professionals to ask questions, test ideas, and troubleshoot how generative AI fits into daily work. Bring what you’re working on and walk away with clearer, more confident next steps.",Deborah Stine,,,ca-ES; en-US; es-ES; eu-ES; fr-FR; it-IT; nl-BE,,
innovateus-workshop-385,InnovateUS,workshop,Building a team,2026-05-08,https://innovate-us.org/session-5,"This session explores what distinguishes high-performing teams from low-performing ones and how to decide when a team is the right approach, who should be involved, and what the team should be set up to achieve.",Anita McGahan,Implementation,,ca-ES; en-US; es-ES; eu-ES; fr-FR; it-IT; nl-BE,https://www.youtube.com/watch?v=hZPTmBWA8_Y,60
innovateus-workshop-389,InnovateUS,workshop,AI Basics for Public Sector Legal Professionals,2026-05-06,https://innovate-us.org/ai-basics-for-public-sector-legal-professionals,"This foundational session introduces public sector attorneys and legal staff to artificial intelligence technologies relevant to government legal practice. Participants will explore how AI systems work, common applications in legal settings, and the considerations relevant for government lawyers.",Anne Lee,Artificial Intelligence,,ca-ES; en-US; es-ES; eu-ES; fr-FR; it-IT; nl-BE,https://www.youtube.com/watch?v=_gkefhTEjDQ,59
innovateus-workshop-384,InnovateUS,workshop,Creating psychological safety,2026-05-04,https://innovate-us.org/session-4,"Psychological safety is essential to strong team performance, and this session examines how to create the conditions for candid communication, better judgment, and more effective outcomes.",Anita McGahan,Implementation,,ca-ES; en-US; es-ES; eu-ES; fr-FR; it-IT; nl-BE,https://www.youtube.com/watch?v=b-q0Pfi0rc4,56
innovateus-workshop-374,InnovateUS,workshop,"Using Source-Grounded AI to Turn Sources into Presentation, Video, and Oral Communications",2026-05-01,https://innovate-us.org/using-source-grounded-ai-to-turn-sources-into-presentation-video-and-oral-communications,"Through live examples and guided practice, participants will learn how to use selected materials to produce presentation-ready outputs, as well as audio and video-style content that supports stakeholder communication, internal planning, and team decision-making.",Deborah Stine,Artificial Intelligence,,ca-ES; en-US; es-ES; eu-ES; fr-FR; it-IT; nl-BE,https://www.youtube.com/watch?v=x4p7tK4rgs0,59
innovateus-workshop-311,InnovateUS,workshop,Co-Designing with Communities: Building AI Tools with Residents and Frontline Staff,2026-04-30,https://innovate-us.org/co-designing-with-communities-building-ai-tools-with-residents-and-frontline-staff,"This session focuses on participatory approaches to designing AI-enabled systems. Participants will explore how engaging residents, advocates, and frontline staff can improve system design, surface risks early, and build trust—especially in communities most affected by human services decisions.",Virginia Hamilton,Artificial Intelligence,Co-Designing with Communities: Building AI Tools with Residents and Frontline Staff,ca-ES; en-US; es-ES; eu-ES; fr-FR; it-IT; nl-BE,https://www.youtube.com/watch?v=J_PdPcSO9n4,57
innovateus-workshop-401,InnovateUS,workshop,UX Fundamentals and Why It Matters in Government,2026-04-30,https://innovate-us.org/ux-fundamentals-usdr,"The session will examine how UX helps agencies better understand the needs, expectations, and barriers residents encounter when interacting with public services.",Keith Wilson; Cindy Phan,Innovation Mindset,,ca-ES; en-US; es-ES; eu-ES; fr-FR; it-IT; nl-BE,https://www.youtube.com/watch?v=F-x25n4kV0Q,81
innovateus-workshop-309,InnovateUS,workshop,"Simpler Services, Stronger Access: Designing Better Systems with AI",2026-04-27,https://innovate-us.org/simpler-services-stronger-access-designing-inclusive-systems-with-ai,"This session provides a grounded introduction to AI for human services leaders, clarifying what AI is, what it is not, and how it is already being used in eligibility determination, case management, and client communications.",Davyd Smith; Jessica Lax,Artificial Intelligence,"Simpler Services, Stronger Access: Designing Better Systems with AI",ca-ES; en-US; es-ES; eu-ES; fr-FR; it-IT; nl-BE,https://www.youtube.com/watch?v=2bty2lOmjdM,53
innovateus-workshop-373,InnovateUS,workshop,Using Source-Grounded AI to Turn Sources into Written and Visual Communications,2026-04-24,https://innovate-us.org/using-source-grounded-ai-to-turn-sources-into-written-and-visual-communications,"Public professionals are often required to interpret complex programs, analysis, and large volumes of information, and translate that material into clear, usable communication for different audiences.",Deborah Stine,Artificial Intelligence,,ca-ES; en-US; es-ES; eu-ES; fr-FR; it-IT; nl-BE,https://www.youtube.com/watch?v=qdwtd9d2xI0,59
innovateus-workshop-370,InnovateUS,workshop,Crisis Engineering for Public Systems: Designing Resilience Under Pressure,2026-04-21,https://innovate-us.org/crisis-engineering-for-public-systems-designing-resilience-under-pressure,"Join Marina Nitze, Matthew Weaver, and Mikey Dickerson, founders of Layer Aleph and co-authors of Crisis Engineering: Time-Tested Tools for Turning Chaos into Clarity, for a conversation with Beth Simone Noveck on how governments can design systems that hold up under pressure, using a systems-based…",Marina Nitze; Mikey Dickerson; Matthew Weaver,Solution Identification,,ca-ES; en-US; es-ES; eu-ES; fr-FR; it-IT; nl-BE,https://www.youtube.com/watch?v=f6I6eA3IAPE,56
innovateus-workshop-335,InnovateUS,workshop,Innovations in Action: Inspiring projects from around the country,2026-04-20,https://innovate-us.org/innovations-in-action-inspiring-projects-from-around-the-country,"Human services agencies are under intense pressure to stabilize Medicaid and SNAP at a moment marked by eligibility backlogs, procedural disenrollments, high error rates, staffing shortages, and declining public trust.",Jacob Wallace; Patrick McLoughlin; Nathan Singer,Artificial Intelligence,Innovations in Action: Inspiring projects from around the country ,ca-ES; en-US; es-ES; eu-ES; fr-FR; it-IT; nl-BE,https://www.youtube.com/watch?v=b6vp5nwCd48,60
innovateus-workshop-372,InnovateUS,workshop,Getting Started With Source-Grounded AI,2026-04-17,https://innovate-us.org/getting-started-with-source-grounded-ai,The session will examine both the opportunities and limitations of source-grounded AI in public sector contexts.,Deborah Stine,Artificial Intelligence,,ca-ES; en-US; es-ES; eu-ES; fr-FR; it-IT; nl-BE,https://www.youtube.com/watch?v=_f8ll2doV4Y,59
innovateus-workshop-290,InnovateUS,workshop,Building AI-Ready Open Data,2026-04-15,https://innovate-us.org/building-ai-ready-open-data,"Examine what makes datasets usable for AI, including key design features, interoperable data ecosystems, and governance practices that support secure, responsible reuse.",Luke Keller; Jose Plehn,Artificial Intelligence,Building AI-Ready Open Data,ca-ES; en-US; es-ES; eu-ES; fr-FR; it-IT; nl-BE,https://www.youtube.com/watch?v=ogpbSR8KkwM,60
innovateus-workshop-310,InnovateUS,workshop,The Identity Challenge: Tackling User Disambiguation and Data Integration Across Programs,2026-04-13,https://innovate-us.org/the-identity-challenge-tackling-user-disambiguation-and-data-integration-across-programs,This session explores one of the most persistent challenges in human services: accurately identifying and supporting individuals across fragmented systems.,Chris Correa; Ariel Kennan,Artificial Intelligence,The Identity Challenge: Tackling User Disambiguation and Data Integration Across Programs,ca-ES; en-US; es-ES; eu-ES; fr-FR; it-IT; nl-BE,https://www.youtube.com/watch?v=jeVnawryyTM,54
innovateus-workshop-286,InnovateUS,workshop,"Governing and Funding Public AI: Standards, Oversight, and Sustainable Investment",2026-04-08,https://innovate-us.org/governing-and-funding-public-ai-standards-oversight-and-sustainable-investment,"Bring together procurement, infrastructure, and governance to identify practical next steps for building durable public AI capacity.",Mihir Kshirsagar; Dustin Haisler,Artificial Intelligence,"Governing and Funding Public AI: Standards, Oversight, and Sustainable Investment",ca-ES; en-US; es-ES; eu-ES; fr-FR; it-IT; nl-BE,https://www.youtube.com/watch?v=K8XZpKAQnsk,61
innovateus-workshop-363,InnovateUS,workshop,Tools for Innovation: Service Blueprinting 101,2026-04-02,https://innovate-us.org/tools-for-innovation-service-blueprinting-101,"The session will introduce core concepts in service design. You will learn about how service design has been used to strengthen public service delivery, and will gain practical tools and resources to bring service design approaches into your own work.",Minnar Xie; Tez Cortez,Implementation,,ca-ES; en-US; es-ES; eu-ES; fr-FR; it-IT; nl-BE,https://www.youtube.com/watch?v=-hhKA7ZZCfU,63
innovateus-workshop-285,InnovateUS,workshop,"AI Sovereignty: Sweden, Switzerland, Spain and Beyond",2026-04-01,https://innovate-us.org/ai-sovereignty-sweden-switzerland-and-beyond,"Compare international approaches to shared AI infrastructure, governance, and national capacity—and what they mean for U.S. institutions.",Magnus Sahlgren; Albert Cañigueral Bagó,Artificial Intelligence,"AI Sovereignty: Sweden, Switzerland, and Beyond",ca-ES; en-US; es-ES; eu-ES; fr-FR; it-IT; nl-BE,https://www.youtube.com/watch?v=J6tS32ec12s,56
innovateus-workshop-361,InnovateUS,workshop,Don't Think of a Robot: Low-Tech Questions for AI Planning,2026-03-31,https://innovate-us.org/dont-think-of-a-robot,"How public leaders can ask the right human-centered questions before adopting AI, grounding decisions in mission, accountability, and public trust.",Jed Miller,Problem Definition,,ca-ES; en-US; es-ES; eu-ES; fr-FR; it-IT; nl-BE,https://www.youtube.com/watch?v=2GRiPqYm7DM,47
innovateus-workshop-308,InnovateUS,workshop,Responsible AI in Practice,2026-03-30,https://innovate-us.org/responsible-ai-in-practice,"This session focuses on the guardrails needed to use AI responsibly in human services contexts. Participants will explore governance structures, risk management strategies, and oversight approaches designed to protect clients, support staff, and ensure compliance with legal and ethical obligations.",Michael Boyce; Leon Wong,Artificial Intelligence,Responsible AI in Practice,ca-ES; en-US; es-ES; eu-ES; fr-FR; it-IT; nl-BE,https://www.youtube.com/watch?v=s8PZ506rmuI,58
innovateus-workshop-364,InnovateUS,workshop,AI for Coding: From Zero Experience to a Working Website,2026-03-27,https://innovate-us.org/ai-for-coding-from-zero-experience-to-a-working-website,"In this hands-on Prompting Lab, participants will use AI to build a simple website for showcasing a project, program, or initiative.",Dhruv Kamalesh Kumar,Artificial Intelligence,,ca-ES; en-US; es-ES; eu-ES; fr-FR; it-IT; nl-BE,https://www.youtube.com/watch?v=LIIviyKZ3s4,57
innovateus-workshop-358,InnovateUS,workshop,"Who's Afraid of Agentic AI? How to Compare, Purchase, and Deploy Agents Responsibly",2026-03-26,https://innovate-us.org/whos-afraid-of-agentic-ai-how-to-compare-purchase-and-deploy-agents-responsibly,"Over the past six months, the AI boom has grown even more chaotic. Startups frequently overpromise, while the public sector falls ever further behind in understanding, let alone adopting AI capabilities.",,Implementation,,ca-ES; en-US; es-ES; eu-ES; fr-FR; it-IT; nl-BE,https://www.youtube.com/watch?v=Vq4ZpdF5Sdw,59
innovateus-workshop-284,InnovateUS,workshop,State and Local Pathways to Building and Buying Public AI,2026-03-25,https://innovate-us.org/state-and-local-pathways-to-building-and-buying-public-ai,"Learn from concrete examples of how governments are designing modular, model-agnostic systems and embedding public values through procurement.",Santiago Garces; John Bailey,Artificial Intelligence,State and Local Pathways to Building and Buying Public AI,ca-ES; en-US; es-ES; eu-ES; fr-FR; it-IT; nl-BE,https://www.youtube.com/watch?v=6qg1NDd7CFQ,59
innovateus-workshop-307,InnovateUS,workshop,AI 101 for Human Services Leaders,2026-03-23,https://innovate-us.org/ai-101-for-human-services-leaders,"This session provides a grounded introduction to AI for human services leaders, clarifying what AI is, what it is not, and how it is already being used in eligibility determination, case management, and client communications.",Dave Cole,Artificial Intelligence,AI 101 for Human Services Leaders,ca-ES; en-US; es-ES; eu-ES; fr-FR; it-IT; nl-BE,https://www.youtube.com/watch?v=MEZLb5EOZG4,58
innovateus-workshop-343,InnovateUS,workshop,Integrating Feedback Loops and Iteration in Policy Implementation,2026-03-19,https://innovate-us.org/integrating-feedback-loops-and-iteration-in-policy-implementation,Public servants increasingly operate in complex policy environments where outcomes cannot be fully anticipated and learning from implementation is essential.,Sigge Winther Nielsen,Implementation,,ca-ES; en-US; es-ES; eu-ES; fr-FR; it-IT; nl-BE,https://www.youtube.com/watch?v=NXMn9QxOda0,55
innovateus-workshop-283,InnovateUS,workshop,The Public Option: Rethinking AI Infrastructure for the Common Good,2026-03-18,https://innovate-us.org/the-public-option-rethinking-ai-infrastructure-for-the-common-good,"Explore models for shared and open AI infrastructure that promote competition, reduce costs, and align innovation with public needs.",Luca Cominassi; Ganesh Sitaraman,Artificial Intelligence,The Public Option: Rethinking AI Infrastructure for the Common Good,ca-ES; en-US; es-ES; eu-ES; fr-FR; it-IT; nl-BE,https://www.youtube.com/watch?v=vBPeq-vrP_U,57
innovateus-workshop-292,InnovateUS,workshop,Using AI to Make Open Data Useful: Lessons from the City of Boston,2026-03-17,https://innovate-us.org/leveraging-ai-to-use-open-data-a-city-of-boston-case,"Learn from a real-world case in the City of Boston that shows how governments can enable AI access to open data through controlled, standardized interfaces—scaling use while maintaining security, consistency, and public oversight.",Santiago Garces; Srihari Rahman,Artificial Intelligence,Leveraging AI to Use Open Data: A City of Boston Case,ca-ES; en-US; es-ES; eu-ES; fr-FR; it-IT; nl-BE,https://www.youtube.com/watch?v=f-1uuMYhYyU,55
innovateus-workshop-357,InnovateUS,workshop,Prompting Lab Office Hours: Bring your AI Questions,2026-03-13,https://innovate-us.org/office-hours-mar13,"Join Ray Bell, AI/ML Product Director, State of Maryland, for Prompting Lab Office Hours, a live space for public sector professionals to ask questions, test ideas, and troubleshoot how generative AI fits into daily work.",Ray Bell,Artificial Intelligence,,ca-ES; en-US; es-ES; eu-ES; fr-FR; it-IT; nl-BE,,
innovateus-workshop-346,InnovateUS,workshop,Fighting Fire with Fire: Combating Disinformation with AI,2026-03-12,https://innovate-us.org/fighting-fire-with-fire-combating-disinformation-with-ai,Disinformation and declining trust in institutions pose some of the most pressing challenges for government communication today.,John Wihbey; Megan Marrelli,Innovation Mindset,,ca-ES; en-US; es-ES; eu-ES; fr-FR; it-IT; nl-BE,https://www.youtube.com/watch?v=JkBdpkHOQS8,57
innovateus-workshop-282,InnovateUS,workshop,What Is Public AI and Why It Matters,2026-03-11,https://innovate-us.org/what-is-public-ai-and-why-it-matters,This session defines what “public AI” means and the arguments for how governments can take an active role in shaping it.,Joshua Tan; David Eaves,Artificial Intelligence,,ca-ES; en-US; es-ES; eu-ES; fr-FR; it-IT; nl-BE,https://www.youtube.com/watch?v=4I2Kt9XPHxQ,57
innovateus-workshop-355,InnovateUS,workshop,Simple Rules for High-Performing Public Teams,2026-03-09,https://innovate-us.org/simple-rules-for-high-performing-public-teams,"Learn three practical rules for creating high-performing, energized teams grounded in psychological safety, empowerment, and simplicity.",Alan Zucker,Innovation Mindset,,ca-ES; en-US; es-ES; eu-ES; fr-FR; it-IT; nl-BE,,
innovateus-workshop-289,InnovateUS,workshop,Open Data as a Foundation for AI Innovation,2026-03-06,https://innovate-us.org/open-data-as-a-foundation-for-ai-innovation,"Build a shared understanding of open data and its role in AI, identify common legal, technical, and cultural barriers to data sharing, and explore where opening data can create public value.",Stefaan Verhulst,Artificial Intelligence,,ca-ES; en-US; es-ES; eu-ES; fr-FR; it-IT; nl-BE,https://www.youtube.com/watch?v=E07-yDhgBbU,58
innovateus-workshop-345,InnovateUS,workshop,Managing Media Relationships and Missteps,2026-03-05,https://innovate-us.org/managing-media-relationships-and-missteps,"Building strong relationships with reporters is a long-term investment for government communicators, but even the best-managed relationships can face challenges.",Alan Madison,Innovation Mindset,,ca-ES; en-US; es-ES; eu-ES; fr-FR; it-IT; nl-BE,https://www.youtube.com/watch?v=eHAm_6YXGJw,58
innovateus-workshop-281,InnovateUS,workshop,"How Governments Are Buying AI Now: Opportunities, Risks, and Leverage",2026-03-04,https://innovate-us.org/how-governments-are-buying-ai-now-opportunities-risks-and-leverage,"Examine how AI is entering government today—and how procurement and architecture choices shape control, risk, and long-term flexibility.",Kaye Sklar; Nishant Shah,Artificial Intelligence,,ca-ES; en-US; es-ES; eu-ES; fr-FR; it-IT; nl-BE,https://www.youtube.com/watch?v=qyR2AWHwqHs,57
innovateus-workshop-344,InnovateUS,workshop,Navigating Crisis Communications with Confidence,2026-03-03,https://innovate-us.org/navigating-crisis-communications-with-confidence,"Crises demand speed, clarity, and composure. This workshop focuses on best practices for communicating under pressure, with particular attention to tone, timing, and transparency.",Peter Mancusi; Mahen Gunaratna,Innovation Mindset,,ca-ES; en-US; es-ES; eu-ES; fr-FR; it-IT; nl-BE,https://www.youtube.com/watch?v=ORudMHD3QNI,54
innovateus-workshop-279,InnovateUS,workshop,How Not to Buy Stupid AI: A Practical Guide to Evaluating AI Products and Tools,2026-03-02,https://innovate-us.org/how-not-to-buy-stupid-ai-a-practical-guide-to-evaluating-ai-products-and-tools,"Learn evidence-based strategies for evaluating AI vendors and products, identifying red flags, and making smarter procurement decisions grounded in performance, fairness, and accountability",Santiago Garces; Aleksandra Korolova,Artificial Intelligence,,ca-ES; en-US; es-ES; eu-ES; fr-FR; it-IT; nl-BE,https://www.youtube.com/watch?v=KTWpAWBLino,56
innovateus-workshop-342,InnovateUS,workshop,Prompting Lab Office Hours: Bring your AI Question,2026-02-27,https://innovate-us.org/prompting-lab-office-hours,"Join Deborah Stine for a peer-to-peer Prompting Lab office hours session where public professionals bring real workflow questions, share use cases, and get practical feedback on using generative AI responsibly to improve everyday government work.",Deborah Stine,Artificial Intelligence,,ca-ES; en-US; es-ES; eu-ES; fr-FR; it-IT; nl-BE,,
innovateus-workshop-340,InnovateUS,workshop,"Effective Use of Social Media: Storytelling, Trust, and Institutional Brand",2026-02-26,https://innovate-us.org/effective-use-of-social-media-storytelling-trust-and-institutional-brand,"Join John Wihbey, Director of the AI-Media Strategies Lab at Northeastern University, and Pearl Gabel, EVP of Creative and Content at Moxie Strategies, former Digital Director for the State of New Jersey and former Director of Video for the City of New York, for an essential workshop on how public…",Pearl Gabel; John Wihbey,Innovation Mindset,,ca-ES; en-US; es-ES; eu-ES; fr-FR; it-IT; nl-BE,https://www.youtube.com/watch?v=CTXbcXrWKBE,58
innovateus-workshop-339,InnovateUS,workshop,Introducing Grantwell: Using AI for Municipal Technical Assistance,2026-02-25,https://innovate-us.org/introducing-grantwell-using-ai-for-municipal-technical-assistance,"In this session, Quentin Palfrey, Director of the Office of Federal Funds for the Commonwealth of Massachusetts, and Anjith Prakash Chathan Kandy, AI engineering at The Burnes Center for Social Change, will introduce Grantwell, an AI-enabled grant-writing assistance tool developed by the…",Quentin Palfrey; Anjith Prakash Chathan Kandy,Artificial Intelligence,,ca-ES; en-US; es-ES; eu-ES; fr-FR; it-IT; nl-BE,https://www.youtube.com/watch?v=IUbjzmumIp0,55
innovateus-workshop-333,InnovateUS,workshop,Prompting Lab Office Hours: Bring your AI Questions,2026-02-13,https://innovate-us.org/prompting-lab-office-hours-bring-your-ai-questions,"Join Jorge Valens, Innovation Manager at the Miami-Dade County IT, Florida, for Prompting Lab Office Hours, a live space for public sector professionals to ask questions, test ideas, and troubleshoot how generative AI fits into daily work.",Jorge Valens,Solution Identification,,ca-ES; en-US; es-ES; eu-ES; fr-FR; it-IT; nl-BE,,
innovateus-workshop-337,InnovateUS,workshop,Beyond Yes And - Navigating Polarities for Government Innovation,2026-02-11,https://innovate-us.org/beyond-yes-and-navigating-polarities-for-government-innovation,Learn how to move beyond either/or thinking and work productively with the competing demands that define public sector leadership.,Michael Baskin; Kyle Paterson,Implementation,,ca-ES; en-US; es-ES; eu-ES; fr-FR; it-IT; nl-BE,https://www.youtube.com/watch?v=42IC0KRixJs,50
innovateus-workshop-334,InnovateUS,workshop,"Human-Centered AI: What Happens When AI Is Built With Families, Not Just for Them",2026-02-10,https://innovate-us.org/human-centered-ai-what-happens-when-ai-is-built-with-families-not-just-for-them,"Learn how generative AI can support families by translating, simplifying, and summarizing complex Individualized Education Programs (IEPs). This session showcases AIEP. a new tool developed by the Burnes Center for Social Change's AI for Impact program in partnership with Innovate Public Schools.",Sofía Bosch Gómez; Anirudh Dinesh; Shan Hong,Artificial Intelligence,,ca-ES; en-US; es-ES; eu-ES; fr-FR; it-IT; nl-BE,https://www.youtube.com/watch?v=aQK8eQLP8bc,49
innovateus-workshop-336,InnovateUS,workshop,AI for Product Management: Hands-On Prompting for Government Teams,2026-02-06,https://innovate-us.org/ai-for-product-management-hands-on-prompting-for-government-teams,"Explore how generative AI can support core product management work in government, from synthesizing user needs to drafting requirements and prioritizing backlogs. Test real prompts with peers and leave with reusable patterns you can apply immediately.",Ray Bell,,,ca-ES; en-US; es-ES; eu-ES; fr-FR; it-IT; nl-BE,https://www.youtube.com/watch?v=3G6mzDsCz14,49
innovateus-workshop-280,InnovateUS,workshop,Regulating Algorithms: What Governments Around the World Are Doing—and What Public Servants Should know,2026-02-04,https://innovate-us.org/regulating-algorithms-what-governments-around-the-world-are-doingand-what-public-servants-should-know,"Explore how governments globally are governing automated systems and how public professionals can translate emerging regulatory approaches into agency policy, contracting, and oversight today.",Mihir Kshirsagar; Luca Cominassi,Artificial Intelligence,,ca-ES; en-US; es-ES; eu-ES; fr-FR; it-IT; nl-BE,https://www.youtube.com/watch?v=aQj-xHKTF6A,84
innovateus-workshop-225,InnovateUS,workshop,"Explaining Public Service: Strategies for Clear, Credible Communication",2026-02-03,https://innovate-us.org/explaining-public-service-strategies-for-clear-credible-communication,"A conversation with Max Stier and Jill Abramson on practical, credible strategies for explaining what government does, how public servants contribute, and why clear communication is essential to building public trust.",Jill Abramson; Max Stier,Innovation Mindset,,ca-ES; en-US; es-ES; eu-ES; fr-FR; it-IT; nl-BE,https://www.youtube.com/watch?v=LkOEcua78UY,55
innovateus-workshop-288,InnovateUS,workshop,From Expertise to Impact: A Practical Guide to Informing and Influencing Policy,2026-02-02,https://innovate-us.org/from-expertise-to-impact-a-practical-guide-to-informing-and-influencing-policy,"Join Deborah Stine for a practical session on how public professionals can translate expertise into influence, communicating evidence, shaping policy conversations, and engaging decision-makers more effectively within complex public sector environments.",Deborah Stine,Innovation Mindset,From Expertise to Impact: A Practical Guide to Informing and Influencing Policy,ca-ES; en-US; es-ES; eu-ES; fr-FR; it-IT; nl-BE,https://www.youtube.com/watch?v=bmGyxejhkYg,57
innovateus-workshop-332,InnovateUS,workshop,Prompting Lab Office Hours: Bring your AI Question,2026-01-30,https://innovate-us.org/prompting-lab-office-hours-bring-your-ai-question,"Join David Smith, IT Director, Colorado Governor’s Office of Information Technology (OIT), for Prompting Lab Office Hours, a live space for public sector professionals to ask questions, test ideas, and troubleshoot how generative AI fits into daily work.",Davyd Smith,Solution Identification,,ca-ES; en-US; es-ES; eu-ES; fr-FR; it-IT; nl-BE,,
innovateus-workshop-331,InnovateUS,workshop,Systems for Success: Rewiring Agencies to Deliver at Speed and Scale,2026-01-29,https://innovate-us.org/systems-for-success-rewiring-agencies-to-deliver-at-speed-and-scale,Learn how public agencies can move beyond fragmented efforts to build operating systems that consistently turn priorities into results.,Stephanie Pollack,Implementation,,ca-ES; en-US; es-ES; eu-ES; fr-FR; it-IT; nl-BE,https://www.youtube.com/watch?v=n5gYd1FuQWQ,58
innovateus-workshop-224,InnovateUS,workshop,Telling Public Stories with Data,2026-01-27,https://innovate-us.org/telling-public-stories-with-data,"Learn how to use visuals and video to enhance clarity and engagement, while avoiding cliché designs, AI-generated “slop,” and misinformation traps.",John Wihbey; Lee Rainie,Artificial Intelligence,,ca-ES; en-US; es-ES; eu-ES; fr-FR; it-IT; nl-BE,https://www.youtube.com/watch?v=SuE7q5OedHE,59
innovateus-workshop-287,InnovateUS,workshop,Reimagining Public Institutions: Rethinking Leadership for Organizational Transformation,2026-01-26,https://innovate-us.org/reimagining-public-institutions-rethinking-leadership-for-organizational-transformation,"Join Christian Bason, Ph.D., Co-founder of Transition Collective, for a session on the evolving role of leadership in driving institutional change in the public sector.",Christian Bason,Innovation Mindset,Reimagining Public Institutions: Rethinking Leadership for Organizational Transformation,ca-ES; en-US; es-ES; eu-ES; fr-FR; it-IT; nl-BE,https://www.youtube.com/watch?v=jE0-ZLU-n9c,57
innovateus-workshop-277,InnovateUS,workshop,Using Generative AI to Improve Everyday Workflows for Public Professionals,2026-01-23,https://innovate-us.org/using-generative-ai-to-improve-everyday-workflows-for-public-professionals,"Join Deborah Stine for a hands-on session on using generative AI to improve everyday government workflows. Participants will explore structured prompting techniques to transform complex information, improve clarity, and use AI responsibly in routine public service work",Deborah Stine,Artificial Intelligence,Using Generative AI to Improve Everyday Workflows for Public Professionals,ca-ES; en-US; es-ES; eu-ES; fr-FR; it-IT; nl-BE,https://www.youtube.com/watch?v=uTzlnDq3SCE,59
innovateus-workshop-278,InnovateUS,workshop,Prediction Isn’t Intelligence: How Predictive Models Really Work in Government,2026-01-21,https://innovate-us.org/prediction-isnt-intelligence-how-predictive-models-really-work-in-government,"Examine how predictive models differ from other AI tools, why prediction has hard limits in public sector settings, and how misunderstanding those limits can lead to costly or harmful deployments",Arvind Narayanan; Rebecca Cai,Artificial Intelligence,Prediction Isn’t Intelligence: How Predictive Models Really Work in Government,ca-ES; en-US; es-ES; eu-ES; fr-FR; it-IT; nl-BE,https://www.youtube.com/watch?v=nJxKODRJ_sI,57
innovateus-workshop-276,InnovateUS,workshop,Welcome to the Prompting Lab: A Practice Space for Public Sector AI Use,2026-01-16,https://innovate-us.org/welcome-to-the-prompting-lab-a-practice-space-for-public-sector-ai-use,"In this kick-off session, co-hosts Jorge Valens, Davyd Smith, and Harrison McRae introduce the purpose, structure, and learning approach of The Prompting Lab.",Davyd Smith; Jorge Valens; Harrison McRae,Artificial Intelligence,Welcome to the Prompting Lab: A Practice Space for Public Sector AI Use,ca-ES; en-US; es-ES; eu-ES; fr-FR; it-IT; nl-BE,https://www.youtube.com/watch?v=7TzHVObJ4M0,56
innovateus-workshop-274,InnovateUS,workshop,Effective Communication for the Public Good,2026-01-14,https://innovate-us.org/effective-communication-for-the-public-good,"A conversation with former Congressman Brian Baird and moderator Jill Abramson on practical, trust-building communication strategies that help public leaders engage the public, counter misinformation, and strengthen democracy.",Jill Abramson; Congressman Brian Baird,Innovation Mindset,,ca-ES; en-US; es-ES; eu-ES; fr-FR; it-IT; nl-BE,https://www.youtube.com/watch?v=tnHYJSaw-H4,60
innovateus-workshop-330,InnovateUS,workshop,After 101: Building Confidence and Capability with Generative AI,2026-01-13,https://innovate-us.org/after-101-building-confidence-and-capability-with-generative-ai,"Learn how to take the next step after generative AI basics by identifying high-impact use cases and designing safe, trustworthy workflows for daily public sector work.",Nicholas Wolfe,Implementation,,ca-ES; en-US; es-ES; eu-ES; fr-FR; it-IT; nl-BE,https://www.youtube.com/watch?v=sXhOFDQrTQA,41
innovateus-workshop-329,InnovateUS,workshop,AI Governance Innovations: 2025 Reflections & the 2026 Roadmap,2026-01-09,https://innovate-us.org/ai-governance-innovations-2025-reflections-and-the-2026-roadmap,"Join AI leaders from 6 states (AZ, GA, HI, NJ, NY, UT) to reflect on what we accomplished in governance innovation in 2025 and what we need to do in 2026",Beth Simone Noveck; Christian Napier; Rebecca Cai; Gail Galusha; Whitney Daniels; Nikhil Deshpande,Innovation Mindset,Most requested: Leadership Skills,ca-ES; en-US; es-ES; eu-ES; fr-FR; it-IT; nl-BE,https://www.youtube.com/watch?v=ck58SuQ7q_o,60
innovateus-workshop-239,InnovateUS,workshop,Deliberating with the Public: Democratic Engagement Series Wrap up,2025-12-18,https://innovate-us.org/deliberating-with-the-public,"Experience how AI can support structured public deliberation, from digital town halls to consensus-building platforms that bridge divides.",Beth Simone Noveck; Danielle Allen; Audrey Tang,Artificial Intelligence, ,ca-ES; en-US; es-ES; eu-ES; fr-FR; it-IT; nl-BE,https://www.youtube.com/watch?v=-cJd1B8Vvr0,59
innovateus-workshop-236,InnovateUS,workshop,Co-Creating with the Multi-Lingual Communities,2025-12-10,https://innovate-us.org/co-creating-with-the-multi-lingual-communities,Learn how to design AI tools with—not for—diverse communities facing language and cultural barriers.,Sofía Bosch Gómez; Anirudh Dinesh; Ruthie Nachmany,Artificial Intelligence,,ca-ES; en-US; es-ES; eu-ES; fr-FR; it-IT; nl-BE,https://www.youtube.com/watch?v=u_5127f4G-A,60
innovateus-workshop-275,InnovateUS,workshop,Thinking Like a Reporter — What Makes News,2025-12-09,https://innovate-us.org/thinking-like-a-reporter-what-makes-news,"Understanding how journalists evaluate stories and sources is essential for effective public communication. In this session, participants will gain insight into newsroom logic—what makes a story newsworthy, how reporters assess credibility, and why timing matters.",,,,ca-ES; en-US; es-ES; eu-ES; fr-FR; it-IT; nl-BE,https://www.youtube.com/watch?v=YJRvgC_NZNQ,62
innovateus-workshop-237,InnovateUS,workshop,Listening to the Public with AI,2025-12-03,https://innovate-us.org/listening-to-the-public-with-ai,"Master AI tools for processing large volumes of public input while preserving nuance, sentiment, and minority perspectives.",Beth Goldberg; Ben Peterson,Artificial Intelligence, ,ca-ES; en-US; es-ES; eu-ES; fr-FR; it-IT; nl-BE,https://www.youtube.com/watch?v=Ionyyy2CW48,53
innovateus-workshop-213,InnovateUS,workshop,"Facial Recognition: Applications, Risks, and Limits",2025-11-20,https://innovate-us.org/facial-recognition-applications-risks-and-limits,"This session will explore how law enforcement agencies are using facial recognition, from suspect identification to surveillance, and examine the ethical, legal, and technical challenges it raises.",Mihir Kshirsagar,Artificial Intelligence,,ca-ES; en-US; es-ES; eu-ES; fr-FR; it-IT; nl-BE,https://www.youtube.com/watch?v=0_63s-9vfog,43
innovateus-workshop-267,InnovateUS,workshop,Building a Better Conversation: The Engaged California Model,2025-11-20,https://innovate-us.org/building-a-better-conversation-the-engaged-california-model,"Discover how California is using digital tools and AI to help residents discuss complex issues, from wildfire recovery to public priorities, and turn community insights into real policy action",Beth Simone Noveck; Micah Weinberg; Jeffery Marino,Artificial Intelligence,,ca-ES; en-US; es-ES; eu-ES; fr-FR; it-IT; nl-BE,,
innovateus-workshop-248,InnovateUS,workshop,"Ask Me Anything: Inviting, Summarizing and Responding to Public Comments",2025-11-18,https://innovate-us.org/inviting-public-comments-summarizing-public-comments-responding-to-public-comments,"This workshop will explore how artificial intelligence is transforming the way governments invite, collect, and analyze public input on draft regulations, policies, and plans.",Alex Spangher; Bill Zipse; Michael A. Livermore,Artificial Intelligence, ,ca-ES; en-US; es-ES; eu-ES; fr-FR; it-IT; nl-BE,https://www.youtube.com/watch?v=VXDuFnCS1HM,58
innovateus-workshop-219,InnovateUS,workshop,AI-Assisted Writing: Lessons from the Field,2025-11-17,https://innovate-us.org/ai-assisted-writing-lessons-from-the-field,Explore how generative AI tools can support message creation—from speeches and public statements to FAQs and internal communications.,John Wihbey; Luciana Herman; Phil Malone,Artificial Intelligence,,ca-ES; en-US; es-ES; eu-ES; fr-FR; it-IT; nl-BE,https://www.youtube.com/watch?v=s4J-UxVL2MI,38
innovateus-workshop-266,InnovateUS,workshop,What Gets Measured Gets Done: Unlocking City-Level Health Data for Smarter Decisions,2025-11-13,https://innovate-us.org/what-gets-measured-gets-done-unlocking-city-level-health-data-for-smarter-decisions,"In this exclusive event for InnovateUS, participants will explore this exciting, interactive tool and learn how they can use it to foster meaningful dialogue with colleagues, policymakers, and constituents, drive informed decision-making, and create targeted interventions that address specific…",Neil Kleiman; Samantha Breslin,Innovation Mindset,,en-US; fr-FR; nl-BE,https://www.youtube.com/watch?v=GC7BLvjPih0,35
innovateus-workshop-235,InnovateUS,workshop,Solving Problems with the Public,2025-11-10,https://innovate-us.org/solving-problems-with-the-public,Learn how to systematically analyze and structure participation feedback.,Aline Muylaert; Karin Juhl,Artificial Intelligence,,en-US; fr-FR; nl-BE,https://www.youtube.com/watch?v=LiAJwT8b9mc,37
innovateus-workshop-253,InnovateUS,workshop,"Smarter AI Procurement: Lessons, Pitfalls, and Tools for Public Sector Leaders",2025-10-30,https://innovate-us.org/smarter-ai-procurement-lessons-pitfalls-and-tools-for-public-sector-leaders,"In this workshop, Thomas Gilbert shares lessons from where AI procurement often goes wrong and explores what IT teams, CIOs, and policymakers can do to make the process more effective.",Neil Kleiman; Thomas Gilbert,Artificial Intelligence,,ca-ES; en-US; es-ES; eu-ES; fr-FR; it-IT; nl-BE,https://www.youtube.com/watch?v=1lDL6fk5bSU,54
innovateus-workshop-212,InnovateUS,workshop,Predictive Policing and Algorithmic Bias,2025-10-29,https://innovate-us.org/predictive-policing-and-algorithmic-bias,"This workshop will examine how predictive algorithms are developed and deployed in law enforcement, the risks of feedback loops and discriminatory outcomes, and practical steps agencies can take to evaluate and mitigate bias.",Mihir Kshirsagar,Artificial Intelligence,,ca-ES; en-US; es-ES; eu-ES; fr-FR; it-IT; nl-BE,https://www.youtube.com/watch?v=JP3gPn9BxOI,49
innovateus-workshop-238,InnovateUS,workshop,Citizen Assemblies and AI,2025-10-29,https://innovate-us.org/citizen-assemblies-and-ai,Explore how artificial intelligence can enhance citizen assemblies and other deliberative democratic innovations.,Danielle Allen; Claudia Chwalisz,Artificial Intelligence,,ca-ES; en-US; es-ES; eu-ES; fr-FR; it-IT; nl-BE,https://www.youtube.com/watch?v=dyxA1Q84wdM,31
innovateus-workshop-211,InnovateUS,workshop,BIAS: Understanding and Undermining its Operation in Humans and in the Technology We Create,2025-10-27,https://innovate-us.org/unlocking-the-power-of-body-worn-camera-data-with-ai,"This workshop shows how policing professionals can use body cam footage to improve officer communication and training, assess the impact of training, and even predict moments of escalation during police interactions.",Jennifer Eberhardt,Artificial Intelligence,,ca-ES; en-US; es-ES; eu-ES; fr-FR; it-IT; nl-BE,,
innovateus-workshop-243,InnovateUS,workshop,"By the People, For the People, With the People – Design for Government",2025-10-22,https://innovate-us.org/by-the-people-for-the-people-with-the-people-design-for-government,This workshop will focus on how improving customer experience and how to navigate the complexity of delivering services in the public sector.,Amira Boland,Innovation Mindset,,ca-ES; en-US; es-ES; eu-ES; fr-FR; it-IT; nl-BE,https://www.youtube.com/watch?v=ACTsaHltKqg,52
innovateus-workshop-234,InnovateUS,workshop,Defining Problems with the Public,2025-10-16,https://innovate-us.org/defining-problems-with-the-public,This workshop with Claudius Lieven from the City of Hamburg and the Digital Participation System (DIPAS) shows how digital participation platforms can be used to collect massive amounts of citizen feedback and transform it into a clear picture of the problems through artificial intelligence…,Claudius Lieven,Artificial Intelligence,,en-US; fr-FR; nl-BE,https://www.youtube.com/watch?v=TD75M3-uH64,40
innovateus-workshop-254,InnovateUS,workshop,"Smart Data, Fair Cities: Evidence-Based Approaches to City Management",2025-10-16,https://innovate-us.org/smart-data-fair-cities-evidence-based-approaches-to-city-management,"In this workshop, Dr. Sonita Singh will introduce participants to principles of data-informed city management, with a focus on how evidence-based approaches can strengthen public services and address inequities.",Sonita Singh,Innovation Mindset,,en-US; fr-FR; nl-BE,https://www.youtube.com/watch?v=-g-vVK9YLNY,42
innovateus-workshop-218,InnovateUS,workshop,AI 101 for Communicators — What You Need to Know,2025-10-15,https://innovate-us.org/ai-101-for-communicators-what-you-need-to-know,"An introduction to AI tools, their risks and opportunities, and what every public communicator should understand.",John Wihbey,Artificial Intelligence,,ca-ES; en-US; es-ES; eu-ES; fr-FR; it-IT; nl-BE,https://www.youtube.com/watch?v=SU60Wj2jEAE,37
innovateus-workshop-252,InnovateUS,workshop,Hiring Reform with Humans at the Center: Lessons from St. Louis and San Francisco,2025-10-09,https://innovate-us.org/hiring-reform-with-humans-at-the-center-lessons-from-st-louis-and-san-francisco,"In this workshop, Work for America will share how the cities of St. Louis and San Francisco reimagined their hiring practices with people—not paperwork—at the center.",Shifra Goldenberg; Krizia Lopez; David Huebner,Innovation Mindset,,ca-ES; en-US; es-ES; eu-ES; fr-FR; it-IT; nl-BE,https://www.youtube.com/watch?v=2h-4L5RjHFA,45
innovateus-workshop-251,InnovateUS,workshop,A Model for State Government “Operators” - Colorado’s Governor’s Office of Operations,2025-10-08,https://innovate-us.org/a-model-for-state-government-operators-colorados-governors-office-of-operations,"This session is designed for state and local government leaders working to improve execution and follow-through on priorities, as well as cabinet members, agency directors, and staff who want to strengthen cross-agency collaboration.",Jesse Marks; Emily Miller,Innovation Mindset,,ca-ES; en-US; es-ES; eu-ES; fr-FR; it-IT; nl-BE,https://www.youtube.com/watch?v=yHVB29GcXJ8,40
innovateus-workshop-217,InnovateUS,workshop,"Welcome to Amplify — Strategy, Skills, and The Stakes of Public Communication Today",2025-10-07,https://innovate-us.org/welcome-to-amplify-strategy-skills-and-the-stakes-of-public-communication-today,"This opening session introduces the series’ core themes: clear messaging, media logic, and the evolving role of AI.",John Wihbey; Jill Abramson,Artificial Intelligence,,ca-ES; en-US; es-ES; eu-ES; fr-FR; it-IT; nl-BE,https://www.youtube.com/watch?v=1ECUBMbZIBI,37
innovateus-workshop-210,InnovateUS,workshop,Stakeholder Engagement in AI Implementation,2025-10-06,https://innovate-us.org/stakeholder-engagement-in-ai-implementation,"This session will help executives develop stakeholder engagement strategies and processes that support trust, transparency, and shared ownership throughout the AI lifecycle—from problem definition to deployment.",Michael Navin,Artificial Intelligence,,ca-ES; en-US; es-ES; eu-ES; fr-FR; it-IT; nl-BE,https://www.youtube.com/watch?v=5gz1_TZooyY,45
innovateus-workshop-247,InnovateUS,workshop,AI in Police Operations,2025-10-01,https://innovate-us.org/ai-in-police-operations,Join us for this workshop discussion on how AI is changing police operations.,Anita McGahan; Shane Evangelist; Patrick Poulin,Artificial Intelligence,,ca-ES; en-US; es-ES; eu-ES; fr-FR; it-IT; nl-BE,https://www.youtube.com/watch?v=waGz9tVFPJ4,31
innovateus-workshop-232,InnovateUS,workshop,Designing Smarter Engagement with AI,2025-09-30,https://innovate-us.org/designing-smarter-engagement-with-ai,"Learn a practical framework for structuring inclusive, AI-supported public engagement.",Beth Simone Noveck; Dane Gambrell,Artificial Intelligence,,ca-ES; en-US; es-ES; eu-ES; fr-FR; it-IT; nl-BE,https://www.youtube.com/watch?v=MUiw8xNxgy4,38
innovateus-workshop-209,InnovateUS,workshop,AI Policy Development,2025-09-25,https://innovate-us.org/ai-policy-development,This session will guide public safety executives through key steps in developing effective AI policies tailored to their agency’s mission.,Peter Lambrinakos,Artificial Intelligence,,ca-ES; en-US; es-ES; eu-ES; fr-FR; it-IT; nl-BE,https://www.youtube.com/watch?v=z5qquBtX5ms,42
innovateus-workshop-233,InnovateUS,workshop,Different AI Horses for Different Courses: Matching Tools to Purpose,2025-09-24,https://innovate-us.org/different-ai-horses-for-different-courses-matching-tools-to-purpose,"Explore how to select the right AI tool for the right purpose from deliberation to co-creation, from problem definition to solution identification.",Greta Ríos; Nikhil Kumar,Artificial Intelligence,,ca-ES; en-US; es-ES; eu-ES; fr-FR; it-IT; nl-BE,https://www.youtube.com/watch?v=2sKTkE6R5OM,38
innovateus-workshop-250,InnovateUS,workshop,Leveraging Artificial Intelligence to Enroll in Federal and State Benefits,2025-09-17,https://innovate-us.org/leveraging-artificial-intelligence-to-enroll-in-federal-and-state-benefits,"Participants will learn how AI can streamline enrollment pathways, reduce administrative burdens, and support frontline providers in connecting patients and residents with critical services.",Alister Martin,Artificial Intelligence,,ca-ES; de-DE; en-US; es-ES; eu-ES; fr-FR; it-IT; nl-BE,https://www.youtube.com/watch?v=o1EJaZPpKs0,30
innovateus-workshop-246,InnovateUS,workshop,Beyond Translation: Human-Centered Language Access with AI,2025-09-15,https://innovate-us.org/beyond-translation-human-centered-language-access-with-ai,"This session will offer public sector professionals tools and frameworks for incorporating AI and machine translation (MT) into their digital services—without losing sight of cultural nuance, accessibility, or equity.",Ruthie Nachmany; Barbara Niveyro,Artificial Intelligence,,en-US; fr-FR; nl-BE,https://www.youtube.com/watch?v=E5UysrWWZ4E,27
innovateus-workshop-231,InnovateUS,workshop,Why Public Engagement ?,2025-09-11,https://innovate-us.org/why-public-engagement-why-ai,"This session introduces the role of public engagement in the context of artificial intelligence. Participants will examine why governments seek input from communities, how AI can change engagement processes, and what risks and tradeoffs are involved.",Beth Simone Noveck; Danielle Allen,Artificial Intelligence,,ca-ES; en-US; es-ES; eu-ES; fr-FR; it-IT; nl-BE,https://www.youtube.com/watch?v=mVSVbcwL5s0,57
innovateus-workshop-207,InnovateUS,workshop,AI in Action: Use Cases and Capabilities in Law Enforcement,2025-09-10,https://innovate-us.org/ai-in-action-use-cases-and-capabilities-in-law-enforcement,This session will explore the current landscape of AI applications in policing.,Ergin Orman; Luis Tomlinson,Artificial Intelligence,,ca-ES; en-US; es-ES; eu-ES; fr-FR; it-IT; nl-BE,https://www.youtube.com/watch?v=jRkpUcERmGE,42
innovateus-workshop-249,InnovateUS,workshop,Human in the Loop: Keeping People at the Center of AI,2025-09-08,https://innovate-us.org/human-in-the-loop-keeping-people-at-the-center-of-ai,"This workshop is designed for public sector professionals at all levels of government, as well as anyone interested in learning how to integrate AI responsibly into decision-making and service delivery while keeping human judgment at the center.",Sonita Singh,Artificial Intelligence,,ca-ES; en-US; es-ES; eu-ES; fr-FR; it-IT; nl-BE,https://www.youtube.com/watch?v=oX-G9N5bkzk,48
innovateus-workshop-208,InnovateUS,workshop,AI Fundamentals for Public Safety,2025-09-04,https://innovate-us.org/ai-fundamentals-for-public-safety,"This foundational session will introduce law enforcement and public safety professionals to the core concepts of Artificial Intelligence, with a focus on applications in policing.",Mark Genatempo,Artificial Intelligence,,ca-ES; en-US; es-ES; eu-ES; fr-FR; it-IT; nl-BE,https://www.youtube.com/watch?v=oX-G9N5bkzk,48
innovateus-workshop-242,InnovateUS,workshop,Future-Ready Government: Building Resilience Across State and Public Agencies,2025-08-26,https://innovate-us.org/future-ready-government-building-resilience-across-state-and-public-agencies,"This workshop draws on insights from the IBM Center for The Business of Government, working in collaboration with the National Academy of Public Administration and IBM Institute for Business Value via the ""Future Shocks "" initiative, to explore how public institutions can anticipate, absorb, and…",Dan Chenok,Innovation Mindset,,ca-ES; en-US; es-ES; eu-ES; fr-FR; it-IT; nl-BE,https://www.youtube.com/watch?v=vihTNd6ItzE,41
innovateus-workshop-245,InnovateUS,workshop,"UX in Government: How to Hire, Build Skills, and Grow Capacity",2025-08-21,https://innovate-us.org/ux-in-government-how-to-hire-build-skills-and-grow-capacity,"This 90-minute virtual event will focus on how government teams can grow their UX capacity, bring UX into their everyday work, and attract qualified UX professionals to public service roles.",Keith Wilson; Lisa Carter; Cindy Phan; Mallory Chacon; Paul Gehrig; Erick Pfleiderer,Innovation Mindset,,en-US; fr-FR; nl-BE,https://www.youtube.com/watch?v=MTl5HPjZrrU,55
innovateus-workshop-241,InnovateUS,workshop,From Bureaucracy to Vitality: Transforming Public Organizations,2025-08-20,https://innovate-us.org/from-bureaucracy-to-vitality-transforming-public-organizations,"In this session, we'll explore how public sector leaders can transform their organizations by moving beyond these industrial-era practices.",,Innovation Mindset,,en-US; fr-FR; nl-BE,https://www.youtube.com/watch?v=Fl1f8aWeOek,39
innovateus-workshop-244,InnovateUS,workshop,Avoiding the Government Communication Trap,2025-08-12,https://innovate-us.org/avoiding-the-government-communication-trap,"This session will help government employees translate complex, jargon-filled communication into clear, engaging, and compelling messages.",Jamie Kimes; Terry Rubin,Innovation Mindset,,ca-ES; en-US; es-ES; eu-ES; fr-FR; it-IT; nl-BE,https://www.youtube.com/watch?v=3oh8_jDe0mM,40
innovateus-workshop-203,InnovateUS,workshop,Chatbots in Public Service: Responsible Design and Use,2025-08-04,https://innovate-us.org/chatbots-in-public-service-responsible-design-and-use,"In this session, we’ll unpack how conversational bots work, what they can (and can’t) do, and what risks to watch for when deploying them in the public sector.",Vance Ricks,Artificial Intelligence,,ca-ES; en-US; es-ES; eu-ES; fr-FR; it-IT; nl-BE,https://www.youtube.com/watch?v=neCiLzQ3Ols,27
innovateus-workshop-205,InnovateUS,workshop,How to Ensure Successful AI Adoption: Making Vendors Accountable and Trustworthy,2025-07-30,https://innovate-us.org/how-to-ensure-successful-ai-adoption-making-vendors-accountable-and-trustworthy,"This workshop offers a practical guide to navigating the vendor landscape, evaluating AI tools, and setting clear expectations for trustworthy implementation.",Thomas Gilbert,Artificial Intelligence,,ca-ES; en-US; es-ES; eu-ES; fr-FR; nl-BE,https://www.youtube.com/watch?v=dA4mseabPh8,59
innovateus-workshop-204,InnovateUS,workshop,Making Homelessness Rare and Brief: Lessons from the Built for Zero Backbone Strategy,2025-07-29,https://innovate-us.org/making-homelessness-rare-and-brief-lessons-from-the-built-for-zero-backbone-strategy,"In this workshop, Melanie Lewis Dickerson, Director of Large-Scale Change at Community Solutions, will share lessons from the Built for Zero approach, focusing on how public sector professionals can play a pivotal role in supporting and sustaining local systems change.",Melanie Lewis Dickerson,Implementation,,ca-ES; en-US; es-ES; eu-ES; fr-FR; it-IT; nl-BE,https://www.youtube.com/watch?v=WIvh4BeCUz4,44
innovateus-workshop-206,InnovateUS,workshop,"Designing AI with Humans in Mind: Insights on Inclusion, Productivity, and Strategy",2025-07-17,https://innovate-us.org/designing-ai-with-humans-in-mind-insights-on-inclusion-productivity-and-strategy,"In this interactive session, Josh Martin, former Chief Data Officer for the State of Indiana, and Jamie Kimes, founder of The Idea Garden, will explore how AI can be a force for good—especially when it comes to supporting neurodiverse individuals and unlocking new forms of human potential.",Jamie Kimes; Josh Martin,Artificial Intelligence,,ca-ES; en-US; es-ES; eu-ES; fr-FR; nl-BE,https://www.youtube.com/watch?v=9sjw9bXPaPc,47
innovateus-workshop-197,InnovateUS,workshop,Community Engagement for Public Professionals: Communicating Scientific and Technical Information to Policymakers and the Public,2025-07-10,https://innovate-us.org/community-engagement-for-public-professionals-communicating-scientific-and-technical-information-to-policymakers-and-the-public,"In the final session of Dr. Deborah D. Stine's comprehensive community engagement series, the focus will be on communicating the results of engagement efforts as well as scientific and technical information to policymakers and the public.",Deborah Stine,Evaluation,,ca-ES; en-US; es-ES; eu-ES; fr-FR; it-IT; nl-BE,https://www.youtube.com/watch?v=QsELwJtnrCs,52
innovateus-workshop-200,InnovateUS,workshop,Making Digital Services Accessible- Why Inclusive Design Matters for Everyone,2025-07-09,https://innovate-us.org/making-digital-services-accessible-why-inclusive-design-matters-for-everyone,"This workshop introduces the diverse ways people interact with digital services, including visual, auditory, motor, and cognitive differences. Participants will explore tools like screen readers, keyboard navigation, and browser extensions that simulate impairments and flag accessibility barriers.",Joe Oakhart,Innovation Mindset,,ca-ES; en-US; es-ES; eu-ES; fr-FR; it-IT; nl-BE,https://www.youtube.com/watch?v=QmTgswlG1cM,45
innovateus-workshop-202,InnovateUS,workshop,AI Regulation Across Borders: Who’s Setting the Rules—and Why It Matters,2025-07-08,https://innovate-us.org/ai-regulation-across-borders-who-s-setting-the-rules-and-why-it-matters,"Around the world, governments and international organizations are taking different approaches to shaping the future of AI—some focused on technological advancement, others on human rights, safety, or geopolitical competition.",Vance Ricks,Artificial Intelligence,,ca-ES; en-US; es-ES; eu-ES; fr-FR; it-IT; nl-BE,https://www.youtube.com/watch?v=6H2nj_N0fZw,39
innovateus-workshop-196,InnovateUS,workshop,Community Engagement for Public Professionals: Surveys,2025-06-26,https://innovate-us.org/community-engagement-for-public-professionals-surveys,"In the fourth workshop of Dr. Deborah Stine's community engagement series, the focus will shift to the design and implementation of effective surveys, a critical tool for collecting qualitative and quantitative data on community attitudes, preferences, and needs.",Deborah Stine,Evaluation,,ca-ES; en-US; es-ES; eu-ES; fr-FR; it-IT; nl-BE,https://www.youtube.com/watch?v=D3O2au2NzjY,54
innovateus-workshop-201,InnovateUS,workshop,Building Better Access: Portland’s GenAI Pilot for Smarter Permitting Appointments,2025-06-24,https://innovate-us.org/building-better-access-portland-s-gen-ai-pilot-for-smarter-permitting-appointments,"In this workshop, the City of Portland, Oregon will share how they piloted an AI-powered solution to streamline permitting appointment scheduling.",Hilaire Brockmeyer; Christopher Fan; Evan Bowers; Oden Schmit; Cristy Rowley,Artificial Intelligence,,ca-ES; en-US; es-ES; eu-ES; fr-FR; it-IT; nl-BE,https://www.youtube.com/watch?v=209ebOR-5kM,32
innovateus-workshop-199,InnovateUS,workshop,Leading Through Reform: Strategies to Engage Complex Teams,2025-06-18,https://innovate-us.org/leading-through-reform-strategies-to-engage-resistant-teams,"In this session led by Malena Brookshire, participants will learn how financial expertise can be leveraged to overcome resistance and guide agencies through significant operational transformation.",Malena Brookshire,Innovation Mindset,,ca-ES; en-US; es-ES; eu-ES; fr-FR; it-IT; nl-BE,https://www.youtube.com/watch?v=33HOhFLFYdQ,42
innovateus-workshop-195,InnovateUS,workshop,Community Engagement for Public Professionals: Focus Groups,2025-06-17,https://innovate-us.org/community-engagement-for-public-professionals-focus-groups,"This workshop, the third of a series on community engagement led by Dr. Deborah D. Stine, will focus on the use of focus groups to collect information from community members.",Deborah Stine,Evaluation,,ca-ES; en-US; es-ES; eu-ES; fr-FR; it-IT; nl-BE,https://www.youtube.com/watch?v=WLefZPDqWpE,50
innovateus-workshop-194,InnovateUS,workshop,Community Engagement for Public Professionals: Interviews,2025-06-12,https://innovate-us.org/community-engagement-for-public-professionals-interviews,"This workshop on interviews is the second of a five-part series on community engagement, led by Dr. Deborah D. Stine.",Deborah Stine,Evaluation,,ca-ES; en-US; es-ES; eu-ES; fr-FR; it-IT; nl-BE,https://www.youtube.com/watch?v=eT3gh9KwLQo,50
innovateus-workshop-198,InnovateUS,workshop,"Generative AI for Public Sector Communicators: Tools, Ethics, and Best Practices",2025-06-10,https://innovate-us.org/generative-ai-for-public-sector-communicators-tools-ethics-and-best-practices,"In this session led by John Wihbey, participants will explore how these tools can be thoughtfully integrated into public communication workflows while upholding standards of quality, transparency, and ethics.",John Wihbey,Artificial Intelligence,,ca-ES; en-US; es-ES; eu-ES; fr-FR; nl-BE,https://www.youtube.com/watch?v=77KbhQFISzg,47
innovateus-workshop-193,InnovateUS,workshop,Community Engagement for Public Professionals: Overview,2025-06-05,https://innovate-us.org/community-engagement-for-public-professionals-overview,Join Dr. Deborah Stine for an engaging introduction to a five-part series on community engagement tailored for state and local government. This first workshop provides an overview of innovative strategies to strengthen connections with communities.,Deborah Stine,Evaluation,,ca-ES; en-US; es-ES; eu-ES; fr-FR; it-IT; nl-BE,https://www.youtube.com/watch?v=1Tr4OZ1QTKU,39
innovateus-workshop-188,InnovateUS,workshop,"Working Together, Better: Using Behavioral Science to Strengthen Team Dynamics",2025-05-28,https://innovate-us.org/working-together-better-using-behavioral-science-to-strengthen-team-dynamics,"Join us for this workshop with Erin Britton and Jonathan Vayness, and learn simple tools that can help you better understand what makes a team strong.",Erin Britton; Jonathan Vayness,Innovation Mindset,,ca-ES; en-US; es-ES; eu-ES; fr-FR; it-IT; nl-BE,https://www.youtube.com/watch?v=tPDCCGlLdWo,42
innovateus-workshop-178,InnovateUS,workshop,Innovating in the Public Interest: Scaling,2025-05-27,https://innovate-us.org/innovating-in-the-public-interest-scaling,In this session participants will learn what it takes to measure impact effectively and ensure that public interest remains at the center of expansion decisions.,Anita McGahan,Innovation Mindset,,ca-ES; en-US; es-ES; eu-ES; fr-FR; nl-BE,https://www.youtube.com/watch?v=9iI3ZSrTwCQ,42
innovateus-workshop-192,InnovateUS,workshop,AI for Family Advocacy and Learning: Making Individualized Education Plans Accessible,2025-05-27,https://innovate-us.org/ai-for-family-advocacy-and-learning-making-individualized-education-plans-accessible,"Learn how generative AI can support families by translating, simplifying, and summarizing complex Individualized Education Programs (IEPs). This session showcases a new tool developed by the Burnes Center for Social Change's AI for Impact program in partnership with Innovate Public Schools",Sofía Bosch Gómez,Literacy,,ca-ES; en-US; es-ES; eu-ES; fr-FR; nl-BE,https://www.youtube.com/watch?v=zbFQFaLjYrs,36
innovateus-workshop-191,InnovateUS,workshop,Teaching with AI – Real Stories from the Classroom,2025-05-22,https://innovate-us.org/teaching-with-ai-real-stories-from-the-classroom,"This session shares practical examples and reflections from the field, showing how AI tools are being thoughtfully integrated to personalize learning, boost student engagement, and promote literacy—all while navigating real challenges and opportunities.",Jessica Medeiros; Matt Jones,Literacy,,ca-ES; en-US; es-ES; eu-ES; fr-FR; it-IT; nl-BE,https://www.youtube.com/watch?v=Z2wDyxJBdoE,42
innovateus-workshop-187,InnovateUS,workshop,Should You Be a Public-Sector Leader?,2025-05-21,https://innovate-us.org/should-you-be-a-public-sector-leader,This workshop will consider the traits and skills that are often identified with leadership and give you some tools for assessing whether you would be a good public-sector leader.,Seth Harris,Innovation Mindset,,ca-ES; en-US; es-ES; eu-ES; fr-FR; it-IT; nl-BE,https://www.youtube.com/watch?v=PSwOnk_HK_U,39
innovateus-workshop-189,InnovateUS,workshop,AI and the Future of Public Education – A Briefing for State and Local Leaders,2025-05-20,https://innovate-us.org/ai-and-the-future-of-public-education-a-briefing-for-state-and-local-leaders,"In this session, Michael Lubelfeld, superintendent of North Shore School District, will share perspectives on how educational leaders can navigate implementation at the district and state levels.",Michael Lubelfeld; Ashley McBride,Literacy,,ca-ES; en-US; es-ES; eu-ES; fr-FR; nl-BE,https://www.youtube.com/watch?v=2QFOB63r8fQ,34
innovateus-workshop-177,InnovateUS,workshop,Innovating in the Public Interest: Growing,2025-05-15,https://innovate-us.org/innovating-in-the-public-interest-growing,"In this session, we will talk about what it takes to grow responsibly while protecting the integrity of public-sector initiatives.",Anita McGahan,Innovation Mindset,,ca-ES; en-US; es-ES; eu-ES; fr-FR; nl-BE,https://www.youtube.com/watch?v=s-6Lz1hbXiU,53
innovateus-workshop-185,InnovateUS,workshop,Leading with Confidence: Helping Your Team Navigate AI in Public Service,2025-05-14,https://innovate-us.org/leading-with-confidence-helping-your-team-navigate-ai-in-public-service,"Led by Neil Kleiman, Professor at Northeastern University and Faculty Director of InnovateUS, and Lamar Gardere, Executive Director of The Data Center, this session will help public managers balance enthusiasm with caution, opportunity with accountability—and turn curiosity into action.",Neil Kleiman,Artificial Intelligence,,ca-ES; en-US; es-ES; eu-ES; fr-FR; it-IT; nl-BE,https://www.youtube.com/watch?v=lwusAEiiWKE,36
innovateus-workshop-190,InnovateUS,workshop,From Vision to Implementation: AI for Principals and School Boards,2025-05-14,https://innovate-us.org/from-vision-to-implementation-ai-for-principals-and-school-boards,This session offers insights for school leaders exploring how AI can support literacy and learning across their classrooms and schools.,Tony Howard; Jordan Smith,Literacy,,ca-ES; en-US; es-ES; eu-ES; fr-FR; it-IT; nl-BE,https://www.youtube.com/watch?v=Unh0Jk-bubo,41
innovateus-workshop-172,InnovateUS,workshop,Nola Idatzi Generatiboko IA Politika Zure Jurisdikziorako (How to Write a Generative AI Policy for Your Jurisdiction),2025-05-13,https://innovate-us.org/como-redactar-una-politica-de-ia-generativa-para-tu-jurisdiccion-how-to-write-a-generative-ai-policy-for-your-jurisdiction,"Seminario honetan, gobernuarentzat generatiboko IA politikaren sorrera prozesua ikertuko dugu, Bostonen esperientzia aitzakia hartuta bere gidalerroak garatzerakoan.",Santiago Garces,Artificial Intelligence,,ca-ES; es-ES; eu-ES; fr-FR; it-IT; nl-BE,,
innovateus-workshop-186,InnovateUS,workshop,"AI Prompts Unleashed: Transforming the Effectiveness and Efficiency of Your Policy Analysis, Program Evaluation, and Community Engagement",2025-05-08,https://innovate-us.org/ai-prompts-unleashed-transforming-the-effectiveness-and-efficiency-of-your-policy-analysis-program-evaluation-and-community-engagement,"Join Dr. Deborah D. Stine for a practical, hands-on webinar designed to empower state and local government staff in policy analysis, program evaluation, and related community engagement with the latest advancements in AI-driven prompts.",Deborah Stine,Artificial Intelligence,,ca-ES; en-US; es-ES; eu-ES; fr-FR; it-IT; nl-BE,https://www.youtube.com/watch?v=LA-Y7FXue8s,56
innovateus-workshop-184,InnovateUS,workshop,"Governing Through Uncertainty: Using Data, Digital Tools, and Generative AI to Strengthen Public Service",2025-05-07,https://innovate-us.org/governing-through-uncertainty-using-data-digital-tools-and-generative-ai-to-strengthen-public-service,"Led by Neil Kleiman, Professor at Northeastern University and Faculty Director of InnovateUS, and Lamar Gardere, Executive Director of the Data Center, this session offers a roadmap for using technology and data not just as buzzwords—but as practical levers to improve outcomes, increase agility…",Neil Kleiman; Lamar Gardere,Artificial Intelligence,,ca-ES; en-US; es-ES; eu-ES; fr-FR; nl-BE,https://www.youtube.com/watch?v=IEbtl7sqqA4,41
innovateus-workshop-176,InnovateUS,workshop,Innovating in the Public Interest: Learning and Pivoting,2025-05-01,https://innovate-us.org/learning-and-pivoting,Participants will how to recognize the “brick wall” that almost always arises with cross-sector collaboration – and how to overcome challenges through learning and pivoting to a new agenda that reflects the priorities that you initially expose.,Anita McGahan,Innovation Mindset,,ca-ES; en-US; es-ES; eu-ES; fr-FR; nl-BE,https://www.youtube.com/watch?v=GhBfGqWHsFw,55
innovateus-workshop-183,InnovateUS,workshop,"Navigating Tech Governance in 2025: Policy, Procurement & AI",2025-04-30,https://innovate-us.org/navigating-tech-governance-in-2025-policy-procurement-and-ai,"In this workshop, Cassandra Madison and Josiah Raichewill guide public sector professionals through the five most important shifts shaping technology governance in 2025.",Cassandra Madison; Josiah Raiche,Artificial Intelligence,,ca-ES; en-US; es-ES; eu-ES; fr-FR; nl-BE,https://www.youtube.com/watch?v=q0pxALf3AKU,47
innovateus-workshop-161,InnovateUS,workshop,Reading Together with AI: Tools for Parent-Led Learning,2025-04-29,https://innovate-us.org/reading-together-with-ai-tools-for-parent-led-learning,"Through hands-on demonstrations and expert guidance, learn practical strategies to provide wraparound support that empowers readers and fosters a lifelong love of learning.",Lizzie Jones,Literacy,,ca-ES; en-US; es-ES; eu-ES; fr-FR; nl-BE,https://www.youtube.com/watch?v=_nLPmrf0qwQ,52
innovateus-workshop-171,InnovateUS,workshop,Egingo Publikoen Diseinua eta IA Generatiboaren Erabilera Estrategikoa (Public Service Design and the Strategic Use of Generative AI),2025-04-22,https://innovate-us.org/diseno-de-servicios-publicos-y-el-uso-estrategico-de-la-ia-generativa-public-service-design-and-the-strategic-use-of-generative-ai,"Tailer honek nola erabil daitekeen inteligentzia artifizial generatiboa publikoen zerbitzuen diseinua hobetzeko aztertuko du, erabiltzailearen arretan oinarritutako esperientzia efizienteago, pertsonalizatuago eta irekitzeko aukera emanez.",Sofía Bosch Gómez,Artificial Intelligence,,ca-ES; es-ES; eu-ES; fr-FR; it-IT; nl-BE,https://www.youtube.com/watch?v=g3HT8QY_LY4,46
innovateus-workshop-180,InnovateUS,workshop,Lessons in Human-Centered Design in Government: The Cancer Moonshot Story,2025-04-17,https://innovate-us.org/lessons-in-human-centered-design-in-government-the-cancer-moonshot-story,"This workshop takes you behind the scenes of the Cancer Moonshot to explore how centering empathy, listening deeply to people affected by cancer, and designing iteratively helped drive breakthroughs in one of the most complex and high-stakes areas of public health.",Kara Fitzpatrick,Innovation Mindset,,ca-ES; en-US; es-ES; eu-ES; fr-FR; it-IT; nl-BE,https://www.youtube.com/watch?v=8YamPwMtaA0,56
innovateus-workshop-182,InnovateUS,workshop,From Policy to Practice: Pennsylvania’s Pilot with ChatGPT in Government,2025-04-16,https://innovate-us.org/from-policy-to-practice-pennsylvania-s-pilot-with-chat-gpt-in-government,"In this workshop, we’ll share key lessons from the Commonwealth’s ChatGPT Enterprise Pilot.",Harrison McRae,Artificial Intelligence,,ca-ES; en-US; es-ES; eu-ES; fr-FR; it-IT; nl-BE,https://www.youtube.com/watch?v=mCGuWjzwfn8,40
innovateus-workshop-160,InnovateUS,workshop,Smart Literacy Instruction: Using AI and Speech Recognition to Teach Reading,2025-04-15,https://innovate-us.org/smart-literacy-instruction-using-ai-and-speech-recognition-to-teach-reading-instructor,"Participants will explore how AI-powered applications and speech recognition software can personalize reading instruction, providing real-time feedback on pronunciation, fluency, and comprehension.",Cas Burns,Literacy,,ca-ES; en-US; es-ES; eu-ES; fr-FR; it-IT; nl-BE,https://www.youtube.com/watch?v=4I9Ql9dSufI,31
innovateus-workshop-181,InnovateUS,workshop,Making Tech Procurement Easier: A Simple Tool to Improve Government Solicitations,2025-04-15,https://innovate-us.org/making-tech-procurement-easier-a-simple-tool-to-improve-government-solicitations,"In this workshop, we’ll share a simple but powerful idea: adding a one-page “summary sheet” to technology solicitations.",Waldo Jaquith; Kate Drummond,Implementation,,ca-ES; en-US; es-ES; eu-ES; fr-FR; nl-BE,https://www.youtube.com/watch?v=-Bj9OFH6Swo,27
innovateus-workshop-179,InnovateUS,workshop,Starting with Curiosity: A Beginner’s AI Guide for Public Servants,2025-04-10,https://innovate-us.org/starting-with-curiosity-a-beginner-s-guide-for-public-servants,This workshop is for anyone in government—regardless of role or department—who wants a foundational understanding of AI and its implications for public service.,Jamie Kimes; Caleb Williams,Artificial Intelligence,,ca-ES; en-US; es-ES; eu-ES; fr-FR; it-IT; nl-BE,https://www.youtube.com/watch?v=1EeiaSsCaos,47
innovateus-workshop-174,InnovateUS,workshop,Innovating in the Public Interest: Winning Early,2025-04-09,https://innovate-us.org/innovating-in-the-public-interest-winning-early,Participants will learning the importance of driving for early wins – and of using them to build understanding of how collaborators are each evaluated and rewarded for successes.,Anita McGahan,Innovation Mindset,,ca-ES; en-US; es-ES; eu-ES; fr-FR; nl-BE,https://www.youtube.com/watch?v=JbF-znn48ws,51
innovateus-workshop-170,InnovateUS,workshop,Participatief ontwerp van publieke diensten met ondersteuning van kunstmatige intelligentie (Co-Creating Public Services with AI Assistance),2025-04-08,https://innovate-us.org/diseno-participativo-de-servicios-publicos-con-apoyo-de-inteligencia-artificial,In deze lezing worden processen en tools onderzocht die de integratie van participatief ontwerp in de probleemdefinitie en de ontwikkeling van innovatieve oplossingen voor publieke problemen met de steun van kunstmatige intelligentie vergemakkelijken.,Sofía Bosch Gómez,Artificial Intelligence,,ca-ES; es-ES; eu-ES; fr-FR; it-IT; nl-BE,https://www.youtube.com/watch?v=jMEY-jZo7Vw,43
innovateus-workshop-169,InnovateUS,workshop,Du Big Data à l'IA : Leadership pour une transition numérique responsable dans le secteur public (From Big Data to AI: Responsible Public Digital Transformation),2025-03-26,https://innovate-us.org/del-big-data-a-la-ia-liderazgo-para-una-transicion-digital-responsable-en-el-sector-publico,"Avec l'expérience de Santiago Garcés, CIO de la ville de Boston, nous découvrirons des cas réels et des bonnes pratiques sur la manière dont les administrations peuvent tirer parti du pouvoir des données et de l'IA pour améliorer la prise de décisions, la prestation de services et la confiance…",Santiago Garces,Artificial Intelligence,,ca-ES; es-ES; eu-ES; fr-FR; it-IT; nl-BE,https://www.youtube.com/watch?v=OZjST7uB97k,41
innovateus-workshop-159,InnovateUS,workshop,Reading Challenges Revealed: AI Innovation in Dyslexia Assessments,2025-03-25,https://innovate-us.org/reading-challenges-revealed-ai-innovation-in-dyslexia-assessment,"Through hands-on demonstrations of the latest tools and expert insights, workshop participants will explore practical ways to integrate these innovations into your literacy strategies and empower diverse learners.",Lizzie Jones,Literacy,,ca-ES; en-US; es-ES; eu-ES; fr-FR; nl-BE,https://www.youtube.com/watch?v=mNRd-7efBI4,52
innovateus-workshop-168,InnovateUS,workshop,Opportunities for Practical Federalism,2025-03-20,https://innovate-us.org/opportunities-for-practical-federalism,"In this session, participants will explore the complex interplay between federal and state governance, examine common challenges in implementing federal programs at the state level, and learn effective strategies for maximizing state autonomy while maintaining compliance with federal requirements.",Charles Keckler,Innovation Mindset,,ca-ES; en-US; es-ES; eu-ES; fr-FR; it-IT; nl-BE,https://www.youtube.com/watch?v=Y6rQL6jjN3A,39
innovateus-workshop-167,InnovateUS,workshop,Reimagining Public Institutions: Rethinking Leadership for Organizational Transformation,2025-03-18,https://innovate-us.org/leading-change-rethinking-leadership-for-institutional-transformation,"Join Christian Bason, Ph.D., Co-founder of Transition Collective, for a 90-minute virtual training on the evolving role of leadership in driving institutional change in the public sector.",Christian Bason,Innovation Mindset,,ca-ES; en-US; es-ES; eu-ES; fr-FR; nl-BE,https://www.youtube.com/watch?v=ry_bf4oeVBM,53
innovateus-workshop-158,InnovateUS,workshop,"Reading Out Loud, Growing Strong: AI Tools for Fluency Development",2025-03-12,https://innovate-us.org/reading-out-loud-growing-strong-ai-tools-for-fluency-development,"Through hands-on experience, participants will explore ASR-driven tools for literacy instruction to support diverse learners, improve reading fluency, and foster a love of reading.",L. Burleigh,Literacy,,ca-ES; en-US; es-ES; eu-ES; fr-FR; it-IT; nl-BE,https://www.youtube.com/watch?v=F3zs3PGulg8,38
innovateus-workshop-165,InnovateUS,workshop,Building Inclusive Climate Resilience with Human-Centered Design in Government,2025-03-12,https://innovate-us.org/building-inclusive-climate-resilience-with-human-centered-design-in-government,"This workshop explores the intersection of Human-Centered Design (HCD), climate resilience, and civic tech—not just how local governments apply HCD principles to climate action, but also what supports or hinders their efforts in developing tech-enabled climate solutions.",Elham Ali; Liz Boyer; Jorge Valens,Innovation Mindset,,ca-ES; en-US; es-ES; eu-ES; fr-FR; it-IT; nl-BE,https://www.youtube.com/watch?v=IhExTAQ-C2Y,84
innovateus-workshop-154,InnovateUS,workshop,Ending Homelessness Together: Leveraging Data and Collaboration for Lasting Solutions,2025-03-11,https://innovate-us.org/ending-homelessness-together-leveraging-data-and-collaboration-for-lasting-solutions,"In this 60 minute session, you’ll gain a clear understanding of how to leverage data and collaboration to build a sustainable solution to homelessness, along with insights into addressing ethical concerns around privacy and data sharing.",Beth Sandor; Adam Ruege,Innovation Mindset,,ca-ES; en-US; es-ES; eu-ES; fr-FR; it-IT; nl-BE,https://www.youtube.com/watch?v=IICP56_iKBc,36
innovateus-workshop-164,InnovateUS,workshop,"Understanding, Identifying, and Addressing Administrative Burden",2025-03-04,https://innovate-us.org/understanding-identifying-and-addressing-administrative-burden,"This interactive session will equip you with practical strategies to identify and reduce administrative burden, making services more efficient and accessible for both the public and frontline staff.",Luke Hydrick; Lila Tublin,Innovation Mindset,,ca-ES; en-US; es-ES; eu-ES; fr-FR; it-IT; nl-BE,https://www.youtube.com/watch?v=SPx4sIKfyRQ,50
innovateus-workshop-163,InnovateUS,workshop,Power to the Public: Making Government Work Through People-First Innovation,2025-02-27,https://innovate-us.org/power-to-the-public-making-government-work-through-people-first-innovation,"This workshop, led by Tara Dawson McGuinness, co-author of Power to the Public: The Promise of Public Interest Technology, dives into a groundbreaking framework for improving public systems through a blend of technology, design, and empathy.",Tara Dawson McGuinness,Innovation Mindset,,ca-ES; en-US; es-ES; eu-ES; fr-FR; it-IT; nl-BE,https://www.youtube.com/watch?v=iZqaLTsZWNY,46
innovateus-workshop-157,InnovateUS,workshop,Interactive Reading Intelligence: Personalizing Reading Comprehension with Language Models,2025-02-19,https://innovate-us.org/interactive-reading-intelligence-personalizing-reading-comprehension-with-language-models,"In this session, participants will explore best practices for implementing language model tools to foster engagement and improve comprehension in diverse classrooms.",Perpetual Baffour,Literacy,,ca-ES; en-US; es-ES; eu-ES; fr-FR; it-IT; nl-BE,https://www.youtube.com/watch?v=V_xxYrzd5qY,43
innovateus-workshop-162,InnovateUS,workshop,From Plans to Preparedness: Using GenAI as a Practice Partner in the Public Sector,2025-02-19,https://innovate-us.org/from-plans-to-preparedness-using-gen-ai-as-a-practice-partner-in-the-public-sector,"This workshop introduces GenAI as a “practice partner” for governments, offering a low-cost, high-impact way to prepare for extreme weather events, misinformation campaigns, and other complex emergencies.",Michael Baskin,Artificial Intelligence,,ca-ES; en-US; es-ES; eu-ES; fr-FR; nl-BE,https://www.youtube.com/watch?v=AvbsISUAIbU,56
innovateus-workshop-153,InnovateUS,workshop,Executing Change Part 2: Applying the Results Framework,2025-02-18,https://innovate-us.org/executing-change-part-2-applying-the-results-framework,"Building on the foundation established in Part 1, this advanced session provides hands-on experience with the Results Framework. Join us for another 90-minute, interactive, virtual training with Steve Kadish, where theory meets practice through real-world applications and case studies.",Steve Kadish,Innovation Mindset,,ca-ES; en-US; es-ES; eu-ES; fr-FR; nl-BE,https://www.youtube.com/watch?v=wi3Ps-ioC70,88
innovateus-workshop-151,InnovateUS,workshop,Adopting the Product Model in the Public Sector: Putting Outcomes First in Government IT,2025-02-12,https://innovate-us.org/putting-outcomes-first-in-government-it,"Building on Part 1, this session explores real-life success stories of government agencies adopting the product model. Participants will gain practical tools and strategies to address challenges and effectively implement product-driven practices in the public sector.",Ann Lewis; Lynn Overmann,Innovation Mindset,,ca-ES; en-US; es-ES; eu-ES; fr-FR; it-IT; nl-BE,https://www.youtube.com/watch?v=cRyKILsNbRU,57
innovateus-workshop-152,InnovateUS,workshop,Executing Change Part 1: Introduction to the Results Framework,2025-02-11,https://innovate-us.org/executing-change-part-1-introduction-to-the-results-framework,This comprehensive 2-part workshop series provides participants with a battle-tested framework and practical tools to execute change and deliver results—through a proven method tailored specifically to the unique challenges and opportunities of the public sector.,Steve Kadish,Innovation Mindset,,ca-ES; en-US; es-ES; eu-ES; fr-FR; nl-BE,https://www.youtube.com/watch?v=cwGJ6Mts6C4,86
innovateus-workshop-156,InnovateUS,workshop,Gaming the Reading Gap: Gamified AI Tools for Literacy Development,2025-02-11,https://innovate-us.org/gaming-the-reading-gap-gamified-ai-tools-for-literacy-development,"Participants will explore cutting-edge AI-powered platforms that use game mechanics to motivate students, track their growth, and target specific areas for improvement.",L. Burleigh,Literacy,,ca-ES; en-US; es-ES; eu-ES; fr-FR; it-IT; nl-BE,https://www.youtube.com/watch?v=cviyeq9xRTk,37
innovateus-workshop-148,InnovateUS,workshop,The Role of Academic Impact Labs for Public Innovation: Stories of AI Innovation from Stanford's RegLab,2025-01-30,https://innovate-us.org/the-role-of-academic-impact-labs-for-public-innovation-stories-of-ai-innovation-from-stanfords-reg-lab-,This workshop will cover the promise and practicalities of government-academic partnerships to build bridges between universities and government agencies. This talk will provide examples and discuss learnings on how to enable such work at the local and state level.,Daniel Ho,Artificial Intelligence,,ca-ES; en-US; es-ES; eu-ES; fr-FR; nl-BE,,
innovateus-workshop-149,InnovateUS,workshop,Adopting the Product Model in the Public Sector: Introduction to the Product Model,2025-01-29,https://innovate-us.org/adopting-the-product-model-in-the-public-sector-introduction-to-the-product-model,"In this two-part workshop series, you’ll discover how the product model can transform IT development and acquisition in government.",Ann Lewis; Lynn Overmann,Innovation Mindset,,ca-ES; en-US; es-ES; eu-ES; fr-FR; it-IT; nl-BE,https://www.youtube.com/watch?v=t9JzZZFryXI,33
innovateus-workshop-150,InnovateUS,workshop,Implementing AI Responsibly in the Public Sector: Insights from Colorado’s AI Case Inventory and Pilot,2025-01-28,https://innovate-us.org/implementing-ai-responsibly-in-the-public-sector-insights-from-colorado-s-ai-case-inventory-and-pilot,This workshop offers an in-depth look at how Colorado is leading the way in responsible AI integration within the public sector.,Davyd Smith; Jamie Kimes,Artificial Intelligence,,ca-ES; en-US; es-ES; eu-ES; fr-FR; nl-BE,https://www.youtube.com/watch?v=s3cRacSMktM,31
innovateus-workshop-147,InnovateUS,workshop,Understanding and Shaping Organizational Culture: A Guide to Driving Change,2025-01-23,https://innovate-us.org/understanding-and-shaping-organizational-culture-a-guide-to-driving-change,"In this 60-minute session, participants will explore the interaction between culture and organizational priorities, assess the cultural dynamics across their team, and discuss real-world examples of cultures that drive performance and resilience.",Alexander Shermansong,Innovation Mindset,,ca-ES; en-US; es-ES; eu-ES; fr-FR; nl-BE,https://www.youtube.com/watch?v=h-q3I3Loslg,42
innovateus-workshop-155,InnovateUS,workshop,Writing Smarter with AI: Digital Assistants for Enhanced Reading and Writing,2025-01-22,https://innovate-us.org/writing-smarter-with-ai-digital-assistants-for-enhanced-reading-and-writing,"In this workshop, participants will dive deep into popular AI writing tools to analyze their potential for personalized feedback and student support.",Perpetual Baffour,Literacy,,ca-ES; en-US; es-ES; eu-ES; fr-FR; nl-BE,https://www.youtube.com/watch?v=LclJWgR8KZA,44
innovateus-workshop-146,InnovateUS,workshop,Better Government for All: A Practical Introduction to Entity Resolution with AI,2025-01-16,https://innovate-us.org/better-government-for-all-a-practical-introduction-to-entity-resolution-with-ai,"In this 90-minute session, participants gain a clear understanding of how entity resolution supports better governance and decision-making, while also addressing key concerns around privacy and ethics.",Jeff Jonas; Michael Cowden; Chris Correa; Jenn Thom,Artificial Intelligence,,ca-ES; en-US; es-ES; eu-ES; fr-FR; it-IT; nl-BE,https://www.youtube.com/watch?v=vvRICi81jgA,33
innovateus-workshop-145,InnovateUS,workshop,Scaling AI Adoption in the Public Sector: Lessons from Utah’s Journey from Pilot to Implementation,2025-01-14,https://innovate-us.org/scaling-ai-adoption-in-the-public-sector-lessons-from-utah-s-journey-from-pilot-to-implementation,"With a focus on practical solutions, this session will highlight Utah’s approach to general workforce training, customized support for power users, and the development of tailored workshops for key stakeholders such as adjudicators and procurement professionals.",Christian Napier; Carter Saar; Jake Windley,Artificial Intelligence,,ca-ES; en-US; es-ES; eu-ES; fr-FR; it-IT; nl-BE,https://www.youtube.com/watch?v=WLlYO13upOY,35
innovateus-workshop-144,InnovateUS,workshop,Bridging the Talent Gap: Recruiting and Integrating Tech Talent in Government,2024-12-17,https://innovate-us.org/bridging-the-talent-gap-recruiting-and-integrating-tech-talent-in-government,"In this 90-minute session led by Keith Wilson, you’ll dive into real-world case studies and learn best practices for inclusive hiring, effective onboarding, and creating a culture that motivates staff to stay and grow.",Keith Wilson,Innovation Mindset,,ca-ES; en-US; es-ES; eu-ES; fr-FR; nl-BE,https://www.youtube.com/watch?v=O2fMe6_MIbQ,62
innovateus-workshop-135,InnovateUS,workshop,Equity Analysis for Public Policy and Programs,2024-12-10,https://innovate-us.org/equity-analysis-for-public-policy-and-programs,"Join Deborah Stine for a 90-minute workshop where participants will receive an understanding of equity and how to assess equity in public policy when analyzing the status of equity in current programs, changes to those programs, and potential new policies.",Deborah Stine,Innovation Mindset,,ca-ES; en-US; es-ES; eu-ES; fr-FR; it-IT; nl-BE,https://www.youtube.com/watch?v=EUpBiDDiYzs,60
innovateus-workshop-140,InnovateUS,workshop,Accessing AI Safely: Setting up an AI “Sandbox”,2024-12-03,https://innovate-us.org/accessing-ai-safely-setting-up-an-ai-sandbox,"In this 90-minute session, you’ll explore real-world case studies from governments actively using AI, learn best practices for policy development and deployment, and understand the critical role sandboxes play in fostering responsible innovation.",Santiago Garces; Dave Cole; Amani Farooque; Naman Agrawal; Ruthie Nachmany,Artificial Intelligence,,ca-ES; en-US; es-ES; eu-ES; fr-FR; it-IT; nl-BE,https://www.youtube.com/watch?v=M9gbSLUnWe0,36
innovateus-workshop-143,InnovateUS,workshop,Planning for Success: A Behavioral Science Approach to Implementation,2024-11-21,https://innovate-us.org/planning-for-success-a-behavioral-science-approach-to-implementation,"In this practical hour-long workshop, experts from BIT will show participants how to overcome common implementation challenges using behavioral science frameworks.",Emily Cardon; Gabriela Saade,Innovation Mindset,,ca-ES; en-US; es-ES; eu-ES; fr-FR; it-IT; nl-BE,https://www.youtube.com/watch?v=M-xg90n1Zgk,47
innovateus-workshop-141,InnovateUS,workshop,Crisis Engineering for Public Officials,2024-11-19,https://innovate-us.org/crisis-engineering-for-public-officials,"Join InnovateUS experts for a hands-on session that explores the fundamentals of bureaucracy hacking and crisis engineering. Drawing on real-world examples, this workshop will illustrate how public officials can build resilience into their processes, enabling them to respond adeptly to emergencies.",Marina Nitze; Mikey Dickerson; Matthew Weaver; Carla Geisser,Solution Identification,,ca-ES; en-US; es-ES; eu-ES; fr-FR; it-IT; nl-BE,https://www.youtube.com/watch?v=55RL48d1Y0g,34
innovateus-workshop-142,InnovateUS,workshop,Data Storytelling and Visualization,2024-11-13,https://innovate-us.org/data-storytelling-and-visualization,"Led by experts from the IMF’s Creative Lab, participants will delve into the process of innovating within data visualization, learning how to harness design thinking and behavioral insights to communicate effectively with diverse audiences.",Elad Meshulam; Alisha Tukol; Mariángel Villalobos; Kodiak Starr,Innovation Mindset,,ca-ES; en-US; es-ES; eu-ES; fr-FR; it-IT; nl-BE,https://www.youtube.com/watch?v=ZTl1oqs5p4Q,40
innovateus-workshop-138,InnovateUS,workshop,Conducting Effective and Equitable Community Engagement,2024-11-07,https://innovate-us.org/conducting-effective-and-equitable-community-engagement,"Join Sofía Bosch Gómez, Postdoctoral Fellow at The Burnes Center for Social Change, for a dynamic 90-minute virtual workshop designed to empower participants with the skills to harness the collective wisdom of communities.",Sofía Bosch Gómez,Innovation Mindset,,ca-ES; en-US; es-ES; eu-ES; fr-FR; nl-BE,https://www.youtube.com/watch?v=FxJDJBa7nzE,51
innovateus-workshop-133,InnovateUS,workshop,"What Artificial Intelligence Can Do, What It Can’t, and How to Tell the Difference",2024-11-06,https://innovate-us.org/ai-snake-oil-what-artificial-intelligence-can-do-what-it-can-t-and-how-to-tell-the-difference,"Join us for a 60-minute workshop where Arvind Narayanan, professor at Princeton University, will discuss what Artificial Intelligence can and can’t do, and how to tell the difference between predictive artificial intelligence (AI), generative AI, and other types of AI.",Beth Simone Noveck; Arvind Narayanan,Artificial Intelligence,,ca-ES; en-US; es-ES; eu-ES; fr-FR; it-IT; nl-BE,https://www.youtube.com/watch?v=ZxlaFCT4kpY,58
innovateus-workshop-139,InnovateUS,workshop,Driving Uptake of Government Services Through Human-Centered Marketing and Communication,2024-10-30,https://innovate-us.org/driving-uptake-of-government-services-through-human-centered-marketing-and-communication,"Join Katie Fiore, Director of the Office of Innovation for the State of New Jersey, for a hands-on workshop focused on driving public engagement with government services using human-centered marketing and communication strategies.",Katie Fiore,Innovation Mindset,,ca-ES; en-US; es-ES; eu-ES; fr-FR; nl-BE,https://www.youtube.com/watch?v=Kv3dOj-Y31Y,42
innovateus-workshop-136,InnovateUS,workshop,Executing Change and Delivering Results,2024-10-23,https://innovate-us.org/results-framework-executing-change-and-delivering-results,"Join us for a 90-minute virtual training with Steve Kadish, former Chief of Staff to former Massachusetts Governor Charlie Baker to focus on the necessary but often overlooked parts of good governing: successful execution and implementation in the delivery of public services.",Steve Kadish,Implementation,,ca-ES; en-US; es-ES; eu-ES; fr-FR; nl-BE,https://www.youtube.com/watch?v=8BTzvJH9psI,87
innovateus-workshop-137,InnovateUS,workshop,Industry Series: Protecting the Digital Frontier: Lessons in Cybersecurity from the Public Sector,2024-10-23,https://innovate-us.org/protecting-the-digital-frontier-lessons-in-cybersecurity-from-the-public-sector,"Chike Aguh, Burnes Center Senior Fellow, will interview Veronica Pugin, Manager of Strategic Programs at Okta Inc., in an hour-long workshop to discuss their journeys into cybersecurity and the top issues leaders need to think about to secure the digital frontiers of their agencies, communities…",Chike Aguh; Veronica Pugin,Innovation Mindset,,ca-ES; en-US; es-ES; eu-ES; fr-FR; it-IT; nl-BE,https://www.youtube.com/watch?v=-P_N1hplTik,58
innovateus-workshop-131,InnovateUS,workshop,Data Quality and Management for the Public Sector,2024-10-17,https://innovate-us.org/data-quality-and-management-for-the-public-sector,"Join us for a 90-minute virtual training with Rebecca Friedman, Tony Vachino, and Carolyn Carson of IBM, where participants will learn about current challenges in data management in the public sector.",Rebecca Friedman; Tony Vachino; Carolyn Carson,Innovation Mindset,,ca-ES; en-US; es-ES; eu-ES; fr-FR; nl-BE,https://www.youtube.com/watch?v=BHpRPluvmko,40
innovateus-workshop-134,InnovateUS,workshop,Policy Analysis for Public Professionals,2024-10-08,https://innovate-us.org/policy-analysis-for-public-professionals,"Join Deborah Stine for a 90-minute workshop to learn about the ten-step process to do a public policy analysis based on the 4Es (effectiveness, efficiency, equity, and ease of political acceptability.",Deborah Stine,Innovation Mindset,,ca-ES; en-US; es-ES; eu-ES; fr-FR; it-IT; nl-BE,https://www.youtube.com/watch?v=oeDD9sjTpu0,59
innovateus-workshop-132,InnovateUS,workshop,A State-Based Approach Generative Artificial Intelligence: Learning from New Jersey,2024-10-01,https://innovate-us.org/a-state-based-approach-generative-artificial-intelligence-learning-from-new-jersey,"Join us for a 60-minute workshop with Chris Rein, where participants will hear an overview of what the State of New Jersey is doing with respect to generative artificial intelligence (AI).",Chris Rein,Artificial Intelligence,,ca-ES; en-US; es-ES; eu-ES; fr-FR; it-IT; nl-BE,https://www.youtube.com/watch?v=LhfXfjUh3D8,24
innovateus-workshop-121,InnovateUS,workshop,Public Engagement and Institutional Listening Through Generative AI,2024-09-26,https://innovate-us.org/public-engagement-and-institutional-listening-through-generative-ai,Join us for a 90-minute workshop with Eric Gordon and Nigel Jacob where participants will learn about the importance of rethinking public engagement strategies in the context of trust deficits within public-serving institutions.,Nigel Jacob; Eric Gordon,Artificial Intelligence,,ca-ES; en-US; es-ES; eu-ES; fr-FR; it-IT; nl-BE,https://www.youtube.com/watch?v=tqdR2E_tml8,58
innovateus-workshop-127,InnovateUS,workshop,Private Innovation in the Public Interest: Moving Beyond Corporate Engagement to Sustained Initiatives,2024-09-25,https://innovate-us.org/private-innovation-in-the-public-interest-moving-beyond-corporate-engagement-to-sustained-initiatives,"In this 60-minute virtual workshop led by Anita McGahan, participants will learn how to overcome structural problems when organizations aren’t aligned, how to build relationships, and how to deploy a framework for achieving sustained impact.",Anita McGahan,Innovation Mindset,,ca-ES; en-US; es-ES; eu-ES; fr-FR; it-IT; nl-BE,https://www.youtube.com/watch?v=iRcjbv1FfkQ,40
innovateus-workshop-126,InnovateUS,workshop,Private Innovation in the Public Interest: Turning Problems into Opportunities for Corporate Engagement,2024-09-18,https://innovate-us.org/private-innovation-in-the-public-interest-turning-problems-into-opportunities-for-corporate-engagement,"In this 60-minute virtual workshop led by Anita McGahan, participants will learn how to build alignment with the private sector, break down problems into actionable initiatives, and build the capabilities to align organizations and interests.",Anita McGahan,Innovation Mindset,,ca-ES; en-US; es-ES; eu-ES; fr-FR; it-IT; nl-BE,https://www.youtube.com/watch?v=jthRNUiybx0,42
innovateus-workshop-123,InnovateUS,workshop,How to Bring Tech and AI Talent into Government,2024-09-17,https://innovate-us.org/how-to-bring-tech-and-ai-talent-into-government,"Join us for a 60-minute virtual workshop with Jennifer Anastasoff, where participants will receive specific advice for recruiting and hiring technical experts and will learn to identify relevant technology and innovation leadership positions, as well as the competencies leaders and their teams will…",Jennifer Anastasoff; Cassandra Madison,Artificial Intelligence,,ca-ES; en-US; es-ES; eu-ES; fr-FR; it-IT; nl-BE,https://www.youtube.com/watch?v=cB9j3Otgf8E,40
innovateus-workshop-122,InnovateUS,workshop,Developing an Ethics Ecosystem for AI and Big Data,2024-09-12,https://innovate-us.org/developing-an-ethics-ecosystem-for-ai-and-big-data,"Join us for this 60-minute virtual training where John Basl will discuss the challenges in developing ethical artificial intelligence (A.I.) based systems in the current absence of a robust ethics ecosystem that helps distribute ethical reasoning, decision-making, and responsibility.",John Basl,Artificial Intelligence,,ca-ES; en-US; es-ES; eu-ES; fr-FR; it-IT; nl-BE,https://www.youtube.com/watch?v=nSfbVeumsno,36
innovateus-workshop-125,InnovateUS,workshop,Private Innovation in the Public Interest: Triumphs and Disasters When Public Agencies Engage with Companies,2024-09-11,https://innovate-us.org/private-innovation-in-the-public-interest-triumphs-and-disasters-when-companies-engage-with-public-agencies,"In this 60-minute virtual workshop led by Anita McGahan, participants will learn why companies engage in pursuing public goals, illustrated by real-world case studies.",Anita McGahan,Innovation Mindset,,ca-ES; en-US; es-ES; eu-ES; fr-FR; it-IT; nl-BE,https://www.youtube.com/watch?v=kSVKHEh_-W0,36
innovateus-workshop-128,InnovateUS,workshop,How (and Why!) to Form New Collaborative Relationships to Tackle Civic Challenges,2024-09-05,https://innovate-us.org/how-and-why-to-form-new-collaborative-relationships-to-tackle-civic-challenges,"Join us for a 90-minute virtual workshop with Adam Seth Levine, Professor of Health Policy and Management in the Bloomberg School of Public Health at Johns Hopkins, on the collaborative relationships needed to tackle civic challenges.",Adam Seth Levine,Innovation Mindset,,ca-ES; en-US; es-ES; eu-ES; fr-FR; it-IT; nl-BE,https://www.youtube.com/watch?v=pWH34ChkOck,72
innovateus-workshop-110,InnovateUS,workshop,Exploring the Potential of AI for Government Procurement Processes,2024-08-22,https://innovate-us.org/exploring-the-potential-of-ai-for-government-procurement-processes,"Join us for this 90-minute workshop with Dan Chenok, Executive Director of the IBM Center for The Business of Government, where participants will learn how procurement officials in government can apply AI to do market research, develop templates based on experience, outline particular clauses that…",Dan Chenok,Artificial Intelligence,,ca-ES; en-US; es-ES; eu-ES; fr-FR; it-IT; nl-BE,https://www.youtube.com/watch?v=Ch4ROc1zjls,46
innovateus-workshop-129,InnovateUS,workshop,A Tale of Two Generative AI Use Cases,2024-08-21,https://innovate-us.org/a-tale-of-two-generative-ai-use-cases,"Join us for this 60-minute workshop with the USDR team, who will show participants how generative AI can be integrated into existing workflows to address public sector challenges, drawing on USDR’s experience with state and local governments.",Krista Canellakis; Marcie Chin; Polina Dudnik; Neil Shah,Artificial Intelligence,,ca-ES; en-US; es-ES; eu-ES; fr-FR; nl-BE,https://www.youtube.com/watch?v=fCgotuIGO5U,32
innovateus-workshop-120,InnovateUS,workshop,Applying the Opportunity Solution Tree Framework in Government to Drive towards Better Outcomes,2024-08-08,https://innovate-us.org/applying-the-opportunity-solution-tree-framework-in-government-to-drive-towards-better-outcomes,"Join us for a 60-minute virtual workshop with Stephanie Cain, a Design, Research, and Product consultant who works with government organizations. This training will focus on applying the Opportunity Solution Tree (OST) framework developed by Teresa Torres to government problems.",Stephanie Cain,Solution Identification,,ca-ES; en-US; es-ES; eu-ES; fr-FR; it-IT; nl-BE,https://www.youtube.com/watch?v=XMZ7k_IOzXw,23
innovateus-workshop-119,InnovateUS,workshop,Interactive Workshop: Producing Better AI Results through Prompt Engineering,2024-07-31,https://innovate-us.org/interactive-workshop-producing-better-ai-results-through-prompt-engineering,"Join Michael Baskin, Chief Innovation Officer for Montgomery County Maryland, in an hour-long workshop to learn how to get the most out of responses from generative artificial intelligence (AI) models.",Michael Baskin,Artificial Intelligence,,ca-ES; en-US; es-ES; eu-ES; fr-FR; nl-BE,,
innovateus-workshop-116,InnovateUS,workshop,Human-Centered Design in Government: From Idea to Implementation,2024-07-25,https://innovate-us.org/human-centered-design-in-government-from-idea-to-implementation,"Join us for this 90-minute virtual workshop with Judi Brown and Brittany Henry of CivicMakers, where they will explore some of the opportunities and challenges of human-centered design in state government.",Judi Brown; Brittany Henry,Innovation Mindset,,ca-ES; en-US; es-ES; eu-ES; fr-FR; it-IT; nl-BE,https://www.youtube.com/watch?v=If0TWg0oY-4,68
innovateus-workshop-118,InnovateUS,workshop,Using Behavioral Insights to Design Effective Communications,2024-07-23,https://innovate-us.org/using-behavioral-insights-to-design-effective-communications,Join us for this 60-minute workshop with the Behavioral Insights Team where participants will be introduced to a concrete series of steps for applying behavioral insights to communications design.,Sheena Mirpuri; Nick Baker,Innovation Mindset,,ca-ES; en-US; es-ES; eu-ES; fr-FR; it-IT; nl-BE,https://www.youtube.com/watch?v=nqTPi_0jBDM,45
innovateus-workshop-115,InnovateUS,workshop,Debiasing Decision Making in Government,2024-07-18,https://innovate-us.org/debiasing-decision-making-in-government,"Join us for this 90-minute virtual workshop with the Behavioural Insights Team. In this workshop, participants will learn about how our decisions and judgments are affected by cognitive biases, such as confirmation bias, group reinforcement, and optimism bias.",Emily Cardon; Erin Britton,Innovation Mindset,,ca-ES; en-US; es-ES; eu-ES; fr-FR; it-IT; nl-BE,https://www.youtube.com/watch?v=8F71LYxf-Jg,73
innovateus-workshop-114,InnovateUS,workshop,Delivering Data Science Projects in Government,2024-07-11,https://innovate-us.org/delivering-data-science-projects-in-government,"Join us for this 90-minute virtual workshop with Joy Bonaguro, former Chief Data Officer of the State of California. Participants will learn how to distinguish artificial intelligence (AI) and machine learning (ML) data science from traditional analytics.",Joy Bonaguro,Artificial Intelligence,,ca-ES; en-US; es-ES; eu-ES; fr-FR; it-IT; nl-BE,https://www.youtube.com/watch?v=qJ-Gq189mzU,55
innovateus-workshop-100,InnovateUS,workshop,Building Successful Public-Private Partnerships,2024-07-09,https://innovate-us.org/building-successful-public-private-partnerships,Brenna Berman will discuss how public sector organizations can leverage innovative partnerships to extend their capabilities and impact on operations and resident services.,Brenna Berman,Innovation Mindset,,ca-ES; en-US; es-ES; eu-ES; fr-FR; it-IT; nl-BE,https://www.youtube.com/watch?v=yMg3k-EtAWk,43
innovateus-workshop-105,InnovateUS,workshop,"Evaluating Effectiveness and Efficiency through Benefit-Cost, Cost-Effectiveness, and Risk Analyses",2024-06-27,https://innovate-us.org/evaluating-effectiveness-and-efficiency-through-benefit-cost-cost-effectiveness-and-risk-analyses,"Join us for a 90-minute virtual training with Dr. Deborah Stine, Founder of the Science & Technology Policy Academy, where participants will learn about three fundamental quantitative techniques that are essential for evaluating the effectiveness, efficiency, and equity of public policies…",Deborah Stine,Evaluation,,ca-ES; en-US; es-ES; eu-ES; fr-FR; it-IT; nl-BE,https://www.youtube.com/watch?v=atrVucJRtrU,62
innovateus-workshop-112,InnovateUS,workshop,"Incorporating Design, Collective Imagination, and Future Speculation in Public Sector Work",2024-06-25,https://innovate-us.org/incorporating-design-collective-imagination-and-future-speculation-in-public-sector-work,"Join us for this 60-minute virtual workshop where Oskar Stokholm Østergaard, Design & Futures Lead at the Danish Design Center will talk about the importance of thinking about alternative futures in public sector work.",Oskar Stokholm Østergaard,Innovation Mindset,,ca-ES; en-US; es-ES; eu-ES; fr-FR; it-IT; nl-BE,https://www.youtube.com/watch?v=lIIgMglpb40,46
innovateus-workshop-104,InnovateUS,workshop,Emerging Technologies and The Future of Work,2024-06-20,https://innovate-us.org/emerging-technologies-and-the-future-of-work,"In this 90-minute virtual workshop, Chike Aguh, former Chief Innovation Officer at the US Department of Labor will discuss how the future of work intersects with key emerging technologies that are defining the 21st century economy such as artificial intelligence, semiconductors, quantum computing…",Chike Aguh,Artificial Intelligence,,ca-ES; en-US; es-ES; eu-ES; fr-FR; it-IT; nl-BE,https://www.youtube.com/watch?v=O4bcvRyNMcg,53
innovateus-workshop-99,InnovateUS,workshop,Applying Trauma-Informed Design to Improve Government Services,2024-06-13,https://innovate-us.org/applying-trauma-informed-design-to-improve-government-services,"Rachael Dietkus, a licensed clinical social worker-designer and trauma-informed design expert currently working with the United States Digital Service and the founder of Social Workers Who Design, will discuss using trauma-informed care principles to improve how services are designed, delivered…",Rachael Dietkus,Solution Identification,,ca-ES; en-US; es-ES; eu-ES; fr-FR; it-IT; nl-BE,https://www.youtube.com/watch?v=fEhqz2KlAI0,67
innovateus-workshop-102,InnovateUS,workshop,The Art and Science of Civic Entrepreneurship,2024-06-11,https://innovate-us.org/the-art-and-science-of-civic-entrepreneurship,"Join us for this workshop 90-minute workshop with Shannon Arvizu, Public Service Fellow in Tech & Society Group at Georgetown University and a Senior Advisor to the Chief Data Officer in the U.S.",Shannon Arvizu,Innovation Mindset,,ca-ES; en-US; es-ES; eu-ES; fr-FR; it-IT; nl-BE,https://www.youtube.com/watch?v=TkDn-_tgZdU,38
innovateus-workshop-101,InnovateUS,workshop,How to Build and Operate a World–Class Government Innovation Lab,2024-06-06,https://innovate-us.org/how-to-build-and-operate-a-world-class-government-innovation-lab,"Join us for this 90-minute virtual workshop with Grayson Bass, who will talk about how to resolve the conflict and perceived paradox of government innovation.",Grayson Bass,Innovation Mindset,,ca-ES; en-US; es-ES; eu-ES; fr-FR; it-IT; nl-BE,https://www.youtube.com/watch?v=FMydcR2jIbg,57
innovateus-workshop-109,InnovateUS,workshop,Using AI to Improve Government Services and Benefits Delivery,2024-06-04,https://innovate-us.org/using-ai-to-improve-government-services-and-benefits-delivery,"Join us for this 90-minute virtual workshop, where Dan Chenok, Executive Director of the IBM Center for The Business of Government will explain artificial intelligence’s (AI) potential to improve government operations, services, and the delivery of benefits.",Dan Chenok,Artificial Intelligence,,ca-ES; en-US; es-ES; eu-ES; fr-FR; it-IT; nl-BE,https://www.youtube.com/watch?v=ojUQnQaP5vg,77
innovateus-workshop-113,InnovateUS,workshop,AILGN: AI's Impact on Resident Engagement,2024-06-03,https://innovate-us.org/ailgn-ais-impact-on-resident-engagement,"Join us for an insightful webinar exploring the transformative influence of AI on resident engagement. From redefining communication strategies to meeting evolving resident expectations, we'll delve into the realm of generative AI, chatbots, and beyond.",Intashan Chowdhury; Micah Gaudet,Artificial Intelligence,,ca-ES; en-US; es-ES; eu-ES; fr-FR; it-IT; nl-BE,,
innovateus-workshop-103,InnovateUS,workshop,Questions and Answers: Using Research Knowledge to Support Policy and Practices,2024-05-28,https://innovate-us.org/questions-and-answers-using-research-knowledge-to-support-policy-and-practices,Join us for this 90-minute virtual training where Peter Bragge and Cristián Mansilla will present practical overview of how to harness research evidence reviews to support policymaking.,Peter Bragge; Cristián Mansilla,Innovation Mindset,,ca-ES; en-US; es-ES; eu-ES; fr-FR; it-IT; nl-BE,https://www.youtube.com/watch?v=FdCjDX66OCw,66
innovateus-workshop-106,InnovateUS,workshop,Democratizing Data: Discovering Data Use and Value for Research and Policy,2024-05-21,https://innovate-us.org/democratizing-data-discovering-data-use-and-value-for-research-and-policy,InnovateUS is co-sponsoring this webinar with the Harvard Data Science Initiative.,Harvard Data Science Initiative,Innovation Mindset,,ca-ES; en-US; es-ES; eu-ES; fr-FR; it-IT; nl-BE,,
innovateus-workshop-107,InnovateUS,workshop,Artificial Intelligence in Local Government: Case Studies from Government Leaders and Innovators,2024-05-21,https://innovate-us.org/artificial-intelligence-in-local-government-case-studies-from-government-leaders-and-innovators,"Hear from local government leaders and innovators - including Zoila Cassanova, New Jersey Passaic County Surrogate Judge; Intashan Chowdhury, Borough Administrator for the Borough of Prospect Park in New Jersey; and Micah Gaudet, Deputy City Manager for Maricopa, Arizona to learn how to lead…",Intashan Chowdhury; Zoila Cassanova; Micah Gaudet,Artificial Intelligence,,ca-ES; en-US; es-ES; eu-ES; fr-FR; it-IT; nl-BE,https://www.youtube.com/watch?v=ujFL-OBhfAo,56
innovateus-workshop-111,InnovateUS,workshop,"Mastering dX: De-risking Digital Transformation by Focusing on the ""Right Problem""",2024-05-21,https://innovate-us.org/mastering-d-x-de-risking-digital-transformation-by-focusing-on-the-right-problem,Beth Simone Noveck and Seth Harris will explore how to best approach digital transformation in the nation’s workforce development system in a workshop hosted by NASWA.,Beth Simone Noveck; Seth Harris,Problem Definition,,ca-ES; en-US; es-ES; eu-ES; fr-FR; it-IT; nl-BE,,
innovateus-workshop-108,InnovateUS,workshop,Using Behavioral Science to Revolutionize Policy-Making and Service Delivery,2024-05-16,https://innovate-us.org/using-behavioral-science-to-revolutionize-policy-making-and-service-delivery,Join us for this 90-minute virtual workshop with Leah Everist and Anna Keleher of the Behavioural Insights Team where participants will explore the fundamental principles of behavioral science and uncover its potential to drive positive change across various sectors.,Leah Everist; Anna Keleher,Innovation Mindset,,ca-ES; en-US; es-ES; eu-ES; fr-FR; it-IT; nl-BE,https://www.youtube.com/watch?v=IJjgUWxPKvk,63
innovateus-workshop-96,InnovateUS,workshop,Towards Deep Listening: Rethinking Public Engagement Through Generative AI,2024-05-14,https://innovate-us.org/towards-deep-listening-rethinking-public-engagement-through-generative-ai,"Eric Gordon, professor of Civic Media at Emerson College and director of the Engagement Lab, will provide a practical framework for government practitioners to rethink why and how public engagement happens at a time when most public-serving institutions are facing significant trust deficits.",Eric Gordon,Artificial Intelligence,,ca-ES; en-US; es-ES; eu-ES; fr-FR; it-IT; nl-BE,https://www.youtube.com/watch?v=1Wsu6asVKJE,34
innovateus-workshop-98,InnovateUS,workshop,Guidelines for Promoting Privacy in Facial Recognition Technology,2024-04-30,https://innovate-us.org/guidelines-for-promoting-privacy-in-facial-recognition-technology-,"Join us for this 60-minute workshop with Vance Ricks, associate teaching professor in the departments of Philosophy and Computer Science at Northeastern University, for a workshop on the use of facial recognition technologies and privacy.",Vance Ricks,Implementation,,ca-ES; en-US; es-ES; eu-ES; fr-FR; it-IT; nl-BE,https://www.youtube.com/watch?v=u7XkcRPJROk,33
innovateus-workshop-95,InnovateUS,workshop,All Your AI Questions Answered!,2024-04-25,https://innovate-us.org/all-your-ai-questions-answered,"We’re bringing Cory Ondrejka back to answer everything you wanted to know about artificial intelligence, and more! Cory Ondrejka is a Senior Fellow at the Burnes Center for Social Change and previously served as the Vice President of Product Management at Google.",Cory Ondrejka,Artificial Intelligence,,ca-ES; en-US; es-ES; eu-ES; fr-FR; it-IT; nl-BE,https://www.youtube.com/watch?v=vk9s3msrWWc,55
innovateus-workshop-94,InnovateUS,workshop,Government and Higher Education: Partnering for AI Success,2024-04-18,https://innovate-us.org/government-and-higher-education-partnering-for-ai-success,"Neil Kleiman, urban policy professor at Northeastern University’s School of Public Policy and Urban Affairs and a Senior Fellow at the Burnes Center for Social Change and the GovLab, will outline how to establish a working and productive relationship with local colleges and universities around…",Neil Kleiman,Artificial Intelligence,,ca-ES; en-US; es-ES; eu-ES; fr-FR; it-IT; nl-BE,https://www.youtube.com/watch?v=w9WBHlRuXFA,39
innovateus-workshop-97,InnovateUS,workshop,Creating a Culture of Digital Accessibility Through a Role-Based Approach,2024-04-03,https://innovate-us.org/creating-a-culture-of-digital-accessibility-through-a-role-based-approach,"Join us for this 60-minute virtual workshop with Mike Gifford, Senior Strategist at CivicActions and a thought leader on digital accessibility in the public sector.",Mike Gifford,Innovation Mindset,,ca-ES; en-US; es-ES; eu-ES; fr-FR; it-IT; nl-BE,https://www.youtube.com/watch?v=GFqHQ3T4CrA,48
innovateus-workshop-92,InnovateUS,workshop,Industry Series: Using AI to Enhance Government Services and Operations,2024-03-27,https://innovate-us.org/industry-series-using-ai-to-enhance-government-services-and-operations,"In this 60-minute session, Microsoft’s global public sector team will share examples of how state and municipal governments and government agencies are using artificial intelligence to enhance services and operations, including traffic flow analysis, improving healthcare services, cyber-attack…",Doug Priest,Artificial Intelligence,,ca-ES; en-US; es-ES; eu-ES; fr-FR; it-IT; nl-BE,https://www.youtube.com/watch?v=Gan_RUd0Yis,44
innovateus-workshop-91,InnovateUS,workshop,Knowledge Management Strategies: How to Learn from the Past and Invest in Your Future,2024-03-20,https://innovate-us.org/knowledge-management-strategies-how-to-learn-from-the-past-and-invest-in-your-future-march-20,"In this 90-minute virtual workshop, Jay Liebowitz will discuss how public sector organizations can capture, share, and leverage knowledge both internally and externally.",Jay Liebowitz,Innovation Mindset,,ca-ES; en-US; es-ES; eu-ES; fr-FR; it-IT; nl-BE,https://www.youtube.com/watch?v=ALkbDs96mzE,59
innovateus-workshop-93,InnovateUS,workshop,Industry Series: Learning to Use Google’s AI-Powered Research and Writing Tools in Your Work,2024-03-12,https://innovate-us.org/industry-series-learning-to-use-google-s-ai-powered-research-and-writing-tools-in-your-work,"Join us for this 60-minute virtual workshop with Steven Johnson, Editorial Director at Google Labs.",Steven Johnson,Artificial Intelligence,,ca-ES; en-US; es-ES; eu-ES; fr-FR; it-IT; nl-BE,https://www.youtube.com/watch?v=FJLL0Af2JjM,32
innovateus-workshop-83,InnovateUS,workshop,Using Artificial Intelligence to De-Jargon Government Language,2024-03-07,https://innovate-us.org/using-artificial-intelligence-to-de-jargon-government-language,"Join us for this 60-minute virtual workshop with Abigail Fisher, civic design expert working with the Colorado Digital Service, and former design lead at New York City's Civic Service Design Studio.",Abigail Fisher,Artificial Intelligence,,ca-ES; en-US; es-ES; eu-ES; fr-FR; it-IT; nl-BE,https://www.youtube.com/watch?v=2Lk0MTXzbck,36
innovateus-workshop-84,InnovateUS,workshop,How to Apply Human-Centered Design to Government AI Projects,2024-02-29,https://innovate-us.org/how-to-apply-human-centered-design-to-government-ai-projects-,"Join us for this 90-minute virtual workshop with Elham Ali, Researcher at the Opportunity Project for Cities with the Beeck Center for Social Impact and Innovation at Georgetown University.",Elham Ali,Artificial Intelligence,,ca-ES; en-US; es-ES; eu-ES; fr-FR; it-IT; nl-BE,https://www.youtube.com/watch?v=SEUu9GkbnxE,73
innovateus-workshop-90,InnovateUS,workshop,Industry Series: Using AI for Intelligent Document Processing,2024-02-21,https://innovate-us.org/industry-series-using-ai-for-intelligent-document-processing,"In this 60-minute session, Sergio Ortega, Worldwide Public Sector Lead in Artificial Intelligence and Machine Learning at Amazon Web Services, will provide information about how participants can leverage artificial intelligence and machine learning to address managing complex documents such as…",Sergio Ortega,Artificial Intelligence,,ca-ES; en-US; es-ES; eu-ES; fr-FR; it-IT; nl-BE,https://www.youtube.com/watch?v=_N_f33KVcVg,44
innovateus-workshop-82,InnovateUS,workshop,Trends in AI and the Impact for the Public Sector,2024-02-13,https://innovate-us.org/trends-in-ai-and-the-impact-for-the-public-sector-feb-13,"Join us for a 90-minute workshop with Cory Ondrejka, former Tech Advisor to the CEO at Google and VP of Product at the Google Experience.",Cory Ondrejka,Artificial Intelligence,,ca-ES; en-US; es-ES; eu-ES; fr-FR; it-IT; nl-BE,https://www.youtube.com/watch?v=0xl_6OaNh4I,37
innovateus-workshop-88,InnovateUS,workshop,Industry Series: Learn to use OpenAI's GPT Tools in the Public Sector,2024-02-07,https://innovate-us.org/industry-series-learn-to-use-open-ais-gpt-tools-in-the-public-sector,"In this 60-minute session, Lane Dilg, Head of Strategic Partnerships, Global Affairs at OpenAI, will provide information about how participants can access and use OpenAI tools, models and services.",Lane Dilg,Artificial Intelligence,,ca-ES; en-US; es-ES; eu-ES; fr-FR; it-IT; nl-BE,https://www.youtube.com/watch?v=cH_bcMCJMac,56
innovateus-workshop-81,InnovateUS,workshop,Make Bureaucracy Work for You,2024-02-01,https://innovate-us.org/make-bureaucracy-work-for-you,"Join us for a 90-minute virtual workshop with Marina Nitze, co-author of the new book Hack Your Bureaucracy and former Chief Technology Officer of the U.S. Department of Veterans Affairs under President Obama.",Marina Nitze,Solution Identification,,ca-ES; en-US; es-ES; eu-ES; fr-FR; it-IT; nl-BE,https://www.youtube.com/watch?v=-u_w1doVuG0,58
innovateus-workshop-86,InnovateUS,workshop,How to Use Generative AI in Government: Image Tools,2024-01-31,https://innovate-us.org/how-to-use-generative-ai-in-government-image-tools-jan-31,"Join us for this 90-minute virtual training with Beth Noveck, New Jersey's Chief Innovation Officer and Director of the Governance Lab.",Beth Simone Noveck,Artificial Intelligence,,ca-ES; en-US; es-ES; eu-ES; fr-FR; it-IT; nl-BE,https://www.youtube.com/watch?v=U18KYc_4DJI,89
innovateus-workshop-80,InnovateUS,workshop,Empowering Data Quality: A Metrics-Based Approach for Agency Excellence,2024-01-25,https://innovate-us.org/empowering-data-quality-a-metrics-based-approach-for-agency-excellence,"Join us for this 60-minute virtual training with Tyler Haire, Associate Data Engineer at the Indiana Management Performance Hub (MPH), a state government agency that is committed to normalizing data best practices across the state.",Tyler Haire,Evaluation,,ca-ES; en-US; es-ES; eu-ES; fr-FR; it-IT; nl-BE,https://www.youtube.com/watch?v=JtqfASAZBRw,42
innovateus-workshop-85,InnovateUS,workshop,How to Use Generative AI in Government: Text Tools,2024-01-24,https://innovate-us.org/how-to-use-generative-ai-in-government-text-tools-jan-24,"Join us for this 90-minute virtual training with Beth Noveck, New Jersey's Chief Innovation Officer and Director of the GovLab. In this hands-on tutorial, participants will learn about generative artificial intelligence tools like ChatGPT, Bard and Claude and how to use them in their everyday work.",Beth Simone Noveck,Artificial Intelligence,,ca-ES; en-US; es-ES; eu-ES; fr-FR; it-IT; nl-BE,https://www.youtube.com/watch?v=W6G8eN7dXjU,66
innovateus-workshop-87,InnovateUS,workshop,What You Need to Know about Writing a Prompt for AI Tools,2024-01-23,https://innovate-us.org/what-you-need-to-know-about-writing-a-prompt-for-ai-tools,"In this 60-minute hands-on session, Brandon Brin, Senior Technology Strategist at Microsoft, will teach participants how to use Microsoft Copilot and Bing chat and how to frame their prompts to receive better responses.",Brandon Brin,Artificial Intelligence,,ca-ES; en-US; es-ES; eu-ES; fr-FR; it-IT; nl-BE,https://www.youtube.com/watch?v=ghKS5DcQcO0,48
innovateus-workshop-79,InnovateUS,workshop,Redesigning Organizations: Moving Towards Collaborative Decision-Making,2024-01-18,https://innovate-us.org/redesigning-organizations-moving-towards-collaborative-decision-making,"Join us for the 90-minute virtual training with Christian Bason, former CEO of the Danish Design Center (DDC).",Christian Bason,Solution Identification,,ca-ES; en-US; es-ES; eu-ES; fr-FR; it-IT; nl-BE,https://www.youtube.com/watch?v=MxWomseLCWU,54
innovateus-workshop-78,InnovateUS,workshop,How to Be a Responsible AI Evangelist for Your State,2023-12-20,https://innovate-us.org/how-to-be-a-responsible-ai-evangelist-for-your-state,"Join Christopher Rein, New Jersey's Chief Technology Officer, for this 90-minute virtual workshop which will cover ways in which the public sector can embrace artificial intelligence, while being mindful of the risks associated with these new technologies.",Chris Rein,Artificial Intelligence,,ca-ES; en-US; es-ES; eu-ES; fr-FR; it-IT; nl-BE,https://www.youtube.com/watch?v=j3r-DoCA7DI,61
innovateus-workshop-74,InnovateUS,workshop,How to Use Generative AI in Government: Image Tools,2023-12-14,https://innovate-us.org/how-to-use-generative-ai-in-government-image-tools,"Join Beth Noveck, New Jersey's Chief Innovation Officer and Director of the Governance Lab, for a 60-minute virtual workshop on how to use generative artificial intelligence tools like Midjourney, DALL-E, and Canva in everyday work.",Beth Simone Noveck,Artificial Intelligence,,ca-ES; en-US; es-ES; eu-ES; fr-FR; it-IT; nl-BE,https://www.youtube.com/watch?v=nYiOD6Wqcj8,64
innovateus-workshop-67,InnovateUS,workshop,Human-Centered Design Series: Human-Centered Design in Government,2023-12-13,https://innovate-us.org/human-centered-design-series-human-centered-design-in-government,"Join Virginia Hamilton, Designer in Residence with the Federation of American Scientists and a consultant with the Partnership for Public Service, for the third 90-minute virtual training of a three-part series on human-centered design.",Virginia Hamilton,Problem Definition,,ca-ES; en-US; es-ES; eu-ES; fr-FR; it-IT; nl-BE,https://www.youtube.com/watch?v=KMZVpjQDOCM,58
innovateus-workshop-73,InnovateUS,workshop,How to Use Generative AI in Government: Text Tools,2023-12-07,https://innovate-us.org/how-to-use-generative-ai-in-government-text-tools,"Join Beth Noveck, New Jersey's Chief Innovation Officer and Director of the GovLab, for a 60-minute virtual workshop on how to use generative artificial intelligence tools like ChatGPT, Bard and Claude in everyday work.",Beth Simone Noveck,Artificial Intelligence,,ca-ES; en-US; es-ES; eu-ES; fr-FR; it-IT; nl-BE,https://www.youtube.com/watch?v=CLKmh5QfWp4,53
innovateus-workshop-66,InnovateUS,workshop,Human-Centered Design Series: Putting the 5 Key Phases into Action,2023-12-06,https://innovate-us.org/human-centered-design-series-putting-the-5-key-phases-into-action,"Join Virginia Hamilton, Designer in Residence with the Federation of American Scientists and a consultant with the Partnership for Public Service, for the second 90-minute virtual training of a three-part series on human-centered design.",Virginia Hamilton,Problem Definition,,ca-ES; en-US; es-ES; eu-ES; fr-FR; it-IT; nl-BE,https://www.youtube.com/watch?v=8eHXNNxLk0w,60
innovateus-workshop-72,InnovateUS,workshop,Bringing AI and Tech Talent into Government,2023-11-30,https://innovate-us.org/bringing-ai-and-tech-talent-into-government,"Join Jennifer Anastasoff, Executive Director of the Tech Talent Project and founding member of U.S.",Jennifer Anastasoff; Cassandra Madison,Artificial Intelligence,,ca-ES; en-US; es-ES; eu-ES; fr-FR; it-IT; nl-BE,https://www.youtube.com/watch?v=UMEonjNRQzc,53
innovateus-workshop-65,InnovateUS,workshop,Human-Centered Design Series: Introduction to Human-Centered Design for the Public Sector,2023-11-29,https://innovate-us.org/human-centered-design-series-introduction-to-human-centered-design-for-the-public-sector,"Join Virginia Hamilton, Designer in Residence with the Federation of American Scientists and a consultant with the Partnership for Public Service, for the first 90-minute virtual training of a three-part series on human-centered design.",Virginia Hamilton,Problem Definition,,ca-ES; en-US; es-ES; eu-ES; fr-FR; it-IT; nl-BE,https://www.youtube.com/watch?v=jC-OMVhSJeE,32
innovateus-workshop-71,InnovateUS,workshop,What Works? Using Tools to Find Solutions to Public Policy Problems,2023-11-14,https://innovate-us.org/what-works-using-tools-to-find-solutions-to-public-policy-problems,"Join Tina Rosenberg, co-founder of the Solutions Journalism Network, for a 90-minute virtual workshop on specific tools that allow participants to discover how other jurisdictions are approaching common problems and what separates success from failure.",Tina Rosenberg,Solution Identification,,ca-ES; en-US; es-ES; eu-ES; fr-FR; nl-BE,,
innovateus-workshop-64,InnovateUS,workshop,Data Series: Data Collaboration and Governance,2023-11-06,https://innovate-us.org/data-series-data-collaboration-and-governance,"Join Stefaan Verhulst, Co-Founder of the Governance Laboratory (The GovLab) and Co-Founder and Principal Scientific Advisor of The DataTank, for the third 60-minute virtual training of a three-part series on data.",Stefaan Verhulst,Problem Definition,,ca-ES; en-US; es-ES; eu-ES; fr-FR; it-IT; nl-BE,https://www.youtube.com/watch?v=N7yAwnMp7Rg,53
innovateus-workshop-70,InnovateUS,workshop,How to Write a Generative AI Policy for Your Jurisdiction,2023-11-02,https://innovate-us.org/generative-ai-policy-for-your-jurisdiction,"Join Santiago Garces, Boston's Chief Information Officer, for a 90-minute virtual workshop on how governments are approaching new generative AI and how Boston has adopted a “responsible experimentation approach” to artificial intelligence (AI).",Santiago Garces,Artificial Intelligence,,ca-ES; en-US; es-ES; eu-ES; fr-FR; it-IT; nl-BE,https://www.youtube.com/watch?v=cUWds_1_YX0,33
innovateus-workshop-62,InnovateUS,workshop,Data Series: The Science of Data Questions and Exploring Data Sources,2023-11-01,https://innovate-us.org/data-series-the-science-of-data-questions-and-exploring-data-sources,"Join Stefaan Verhulst, Co-Founder of the Governance Laboratory (The GovLab) ,and Co-Founder and Principal Scientific Advisor of The DataTank, for the second 60-minute virtual training of a three-part series on data.",Stefaan Verhulst,Problem Definition,,ca-ES; en-US; es-ES; eu-ES; fr-FR; it-IT; nl-BE,https://www.youtube.com/watch?v=HodbbLyV4Rg,52
innovateus-workshop-69,InnovateUS,workshop,An Ethics Ecosystem for AI and Big Data: Why? What? How?,2023-10-26,https://innovate-us.org/an-ethics-ecosystem-for-ai-and-big-data-why-what-how,"Join John Basl, Associate Director of the Northeastern University Ethics Institute, where he leads AI and Data Ethics Initiatives, for a 90-minute virtual workshop on the challenges in developing ethical artificial intelligence (AI).",John Basl,Artificial Intelligence,,ca-ES; en-US; es-ES; eu-ES; fr-FR; it-IT; nl-BE,https://www.youtube.com/watch?v=VvuIN_65vrk,38
innovateus-workshop-63,InnovateUS,workshop,Data Series: An Introduction to Data and Its Reuse,2023-10-24,https://innovate-us.org/data-series-an-introduction-to-data-and-its-reuse,"Join Stefaan Verhulst, Co-Founder of the Governance Laboratory (The GovLab) and Co-Founder and Principal Scientific Advisor of The DataTank, for the first 60-minute virtual training of a three-part series on data.",Stefaan Verhulst,Problem Definition,,ca-ES; en-US; es-ES; eu-ES; fr-FR; it-IT; nl-BE,https://www.youtube.com/watch?v=REhFRhpl9Wk,49
innovateus-workshop-61,InnovateUS,workshop,Program Evaluation Series: Crafting Logic Models and Developing Indicators,2023-10-19,https://innovate-us.org/program-evaluation-series-crafting-logic-models-and-developing-indicators,"Join Deborah Stine, Founder and Chief Instructor of the Science and Technology Policy Academy, for the third 90-minute virtual training of a three-part series on program evaluation.",Deborah Stine,Evaluation,,ca-ES; en-US; es-ES; eu-ES; fr-FR; it-IT; nl-BE,,
innovateus-workshop-60,InnovateUS,workshop,Program Evaluation Series: Navigating Stakeholder and Community Engagement in Program Evaluation,2023-10-12,https://innovate-us.org/program-evaluation-series-navigating-stakeholder-and-community-engagement-in-program-evaluation,"Join Deborah Stine, Founder and Chief Instructor of the Science and Technology Policy Academy, for the second 90-minute virtual training of a three-part series on program evaluation.",Deborah Stine,Evaluation,,ca-ES; en-US; es-ES; eu-ES; fr-FR; it-IT; nl-BE,https://www.youtube.com/watch?v=P0DPD7C4smU,76
innovateus-workshop-68,InnovateUS,workshop,An Introduction to AI for the Public Sector,2023-10-06,https://innovate-us.org/an-introduction-to-ai-for-the-public-sector,"Marci Harris CEO and Co-Founder of POPVOX, a nonpartisan platform for civic engagement, and Executive Director of the POPVOX Foundation, for a 90-minute virtual workshop for public sector professionals who are new to artificial intelligence (AI).",Marci Harris,Artificial Intelligence,,ca-ES; en-US; es-ES; eu-ES; fr-FR; it-IT; nl-BE,https://www.youtube.com/watch?v=NvD7Tj6i5zE,63
innovateus-workshop-59,InnovateUS,workshop,Program Evaluation Series: Understanding Program Evaluation Essentials,2023-10-05,https://innovate-us.org/program-evaluation-series-understanding-program-evaluation-essentials,"Join Deborah Stine, Founder and Chief Instructor of the Science and Technology Policy Academy, for the first 90-minute virtual training of a three-part series on program evaluation.",Deborah Stine,Evaluation,,ca-ES; en-US; es-ES; eu-ES; fr-FR; it-IT; nl-BE,https://www.youtube.com/watch?v=5F59b1Rzk4I,66
innovateus-workshop-57,InnovateUS,workshop,To Post or Not to Post: The Highs and Lows of Government Social Media,2023-09-28,https://innovate-us.org/to-post-or-not-to-post-the-highs-and-lows-of-government-social-media,"Join Pearl Gabel, former Digital Director for the State of New Jersey, former Director of Video for the City of New York, and current Founder of Grit Strategies, for a 60-minute virtual workshop where Gabel will discuss government communications in the era of social media.",Pearl Gabel,Innovation Mindset,,ca-ES; en-US; es-ES; eu-ES; fr-FR; it-IT; nl-BE,https://www.youtube.com/watch?v=DPwfGkJz6qo,52
innovateus-workshop-56,InnovateUS,workshop,Modernizing Unemployment Benefits: A Hands-On Workshop for States,2023-09-20,https://innovate-us.org/modernizing-unemployment-benefits-a-hands-on-workshop-for-states,"In this 90 minute virtual training with leaders from the New Jersey Office of Unemployment Modernization and the New Jersey Office of Innovation, participants learn how New Jersey moved to an agile, human-centered approach to improving benefits.",Giuseppe Morgana; Dave Cole; Jill Gutierrez; Laurie Harrington; Janice Cho; Noah Marcus; Naman Agrawal,Implementation,,ca-ES; en-US; es-ES; eu-ES; fr-FR; it-IT; nl-BE,https://www.youtube.com/watch?v=S7ECHtu0smM,83
innovateus-workshop-55,InnovateUS,workshop,Recoding America: Why Government Is Failing in the Digital Age and How We Can Do Better,2023-09-07,https://innovate-us.org/recoding-america-why-government-is-failing-in-the-digital-age-and-how-we-can-do-better,"Join Jennifer Pahlka, former U.S. Deputy Chief Technology Officer under President Obama and author of ""Recoding America: Why Government is Failing in the Digital Age and How We Can Do Better"", for a 90-minute virtual workshop.",Jennifer Pahlka,Artificial Intelligence,,ca-ES; en-US; es-ES; eu-ES; fr-FR; it-IT; nl-BE,https://www.youtube.com/watch?v=sbAiEvUaFpc,84
innovateus-workshop-54,InnovateUS,workshop,The Future of Work: Challenges and Opportunities for the Public Sector,2023-08-24,https://innovate-us.org/the-future-of-work-challenges-and-opportunities-for-the-public-sector,"Join Chike Aguh, former Chief Innovation Officer at the US Department of Labor, for a 60-minute virtual workshop, where participants will learn about the problems and challenges facing us in the future of work, as well as positive efforts underway to address these challenges.",Chike Aguh,Artificial Intelligence,,ca-ES; en-US; es-ES; eu-ES; fr-FR; it-IT; nl-BE,https://www.youtube.com/watch?v=v4_VL0BBY7c,42
innovateus-workshop-47,InnovateUS,workshop,Assessing the Impact: Evaluation of Public Programs,2023-06-22,https://innovate-us.org/evaluating-projects-surveys-and-social-auditing,"Join Deborah Stine, Founder and Chief Instructor of the Science & Technology Policy Academy, for this 90-minute virtual training, where participants will learn about two important components of evaluating projects: conducting effective surveys and social auditing.",Deborah Stine,Evaluation,,ca-ES; en-US; es-ES; eu-ES; fr-FR; it-IT; nl-BE,https://www.youtube.com/watch?v=j1bTKEz1Yfg,79
innovateus-workshop-48,InnovateUS,workshop,How to Write a Generative AI Policy for Your Jurisdiction,2023-06-14,https://innovate-us.org/how-to-write-a-generative-ai-policy-for-your-jurisdiction,"Join Boston's Chief Information Officer, Santiago Garces for this 90-minute virtual training, where participants will learn about how he developed the Boston guidelines on using generative AI in public service.",Santiago Garces,Artificial Intelligence,,ca-ES; en-US; es-ES; eu-ES; fr-FR; it-IT; nl-BE,https://www.youtube.com/watch?v=Y4t-EznsPYQ,47
innovateus-workshop-362,InnovateUS,workshop,Problem Definition,2023-06-13,https://innovate-us.org/problem-definition-june-13-2023,"Join us to hear from Beth Noveck, chief innovation officer for the State of New Jersey, about how clearly articulating the problems and root causes of projects that you work on can help you rethink how to address those projects.",Beth Simone Noveck,Solution Identification,,ca-ES; en-US; es-ES; eu-ES; fr-FR; it-IT; nl-BE,https://www.youtube.com/watch?v=afHS4rSal8g,60
innovateus-workshop-46,InnovateUS,workshop,Persuasive Memo Writing,2023-06-08,https://innovate-us.org/persuasive-memo-writing-june-8,"Join Joshua Schoop, Principal Director for Technology & Innovation and Director for Day One Project, for this 90-minute virtual training, where participants will learn about strategies for persuasive memo writing in order to help them write the killer memo to advance their work, a current project…",Joshua Schoop,Implementation, ,ca-ES; en-US; es-ES; eu-ES; fr-FR; it-IT; nl-BE,https://www.youtube.com/watch?v=Ydr-qSqcRzk,60
innovateus-workshop-49,InnovateUS,workshop,"AI in Government: Bring Your Questions, We've Got Answers!",2023-06-01,https://innovate-us.org/ai-in-government-bring-your-questions-we-ve-got-answers,"As a Part 2 to our previous workshop, “What the Heck is ChatGPT? How Generative AI Will Impact Government,"" we are offering a follow-up session where you can ask the AI questions you're curious about and get answers from expert Alexis Bonnell.",Alexis Bonnell,Artificial Intelligence,,ca-ES; en-US; es-ES; eu-ES; fr-FR; it-IT; nl-BE,https://www.youtube.com/watch?v=tDBcaGSWY1E,91
innovateus-workshop-45,InnovateUS,workshop,What the Heck is ChatGPT? How Generative AI will Impact Government,2023-05-25,https://innovate-us.org/what-the-heck-is-chat-gpt-how-generative-ai-will-impact-government,"In this 90-minute virtual training, participants will understand and discuss AI tools, experiment with them, and become more confident in how they work. We will review key AI use cases for government and explore how generative AI might shape government in the future.",Alexis Bonnell,Artificial Intelligence,,ca-ES; en-US; es-ES; eu-ES; fr-FR; it-IT; nl-BE,https://www.youtube.com/watch?v=LjxUjdsXgHQ,73
innovateus-workshop-44,InnovateUS,workshop,Expanding Partnerships: Designing Missions for Impact,2023-05-09,https://innovate-us.org/creating-powerful-partnerships,"Join Christian Bason, CEO of the Danish Design Center, for this 90-minute virtual training, where participants will learn how to forge cross-sector partnerships and engage diverse stakeholders in solving complex social problems.",Christian Bason,Implementation,,ca-ES; en-US; es-ES; eu-ES; fr-FR; it-IT; nl-BE,https://www.youtube.com/watch?v=K7IcMAm76L0,63
innovateus-workshop-43,InnovateUS,workshop,Making the Most of New Technologies While Avoiding the Risks and Pitfalls,2023-05-02,https://innovate-us.org/making-the-most-of-new-technologies-while-avoiding-the-risks-and-pitfalls,"Join Santiago Garces, Chief Innovation Officer for the City of Boston, in this 90-minute virtual training, where participants will learn about the uses and advantages of new technologies - including big data, AI, chatbots, blockchain, IoT - for public sector workers as well as mitigation strategies…",Santiago Garces,Artificial Intelligence,,ca-ES; en-US; es-ES; eu-ES; fr-FR; it-IT; nl-BE,https://www.youtube.com/watch?v=1MPz913JEZQ,52
innovateus-workshop-42,InnovateUS,workshop,Using Behavioral Insights for the Public Sector,2023-04-13,https://innovate-us.org/using-behavioral-insights-for-the-public-sector-april-13,"Join Leah Everist, a Senior Advisor for the Behavioral Insights Team, and Marta Garnelo Caamano, Principal Advisor at BIT Americas, for this 90-minute virtual training where participants will learn about behavioral science concepts and explore ways that these behavioral insights can help them…",Leah Everist,Solution Identification,,ca-ES; en-US; es-ES; eu-ES; fr-FR; it-IT; nl-BE,https://www.youtube.com/watch?v=P-yLm-5gxrA,56
innovateus-workshop-41,InnovateUS,workshop,Using Rapid Evidence Review to Find Solutions in Government,2023-03-30,https://innovate-us.org/using-rapid-evidence-review-to-find-solutions-in-government,"Join Peter Bragge, Director of Monash Sustainable Development Institute’s Evidence Review Service (ERS), in this 90-minute virtual training, where participants will learn about rapid evidence review, the skill of quickly getting up to speed on existing solutions to a problem.",Peter Bragge,Solution Identification,,ca-ES; en-US; es-ES; eu-ES; fr-FR; it-IT; nl-BE,https://www.youtube.com/watch?v=gKCogC0EduY,48
innovateus-workshop-40,InnovateUS,workshop,Conducting Effective and Equitable Community Engagement,2023-03-16,https://innovate-us.org/conducting-effective-and-equitable-community-engagement-march-16,"Join Sofía Bosch Gómez, postdoctoral fellow at The Burnes Center for Social Change, in this 90-minute virtual training, participants will learn about processes and tools that allow us to better tap the collective wisdom of our communities in defining our problems and devising innovative solutions.",Sofía Bosch Gómez,Evaluation,,ca-ES; en-US; es-ES; eu-ES; fr-FR; it-IT; nl-BE,https://www.youtube.com/watch?v=4XK4YkJVJe4,57
innovateus-workshop-39,InnovateUS,workshop,Thinking with Data: Leveraging Analytics to Better Define and Solve Problems,2023-03-09,https://innovate-us.org/thinking-with-data-leveraging-analytics-to-better-define-and-solve-problems,"Join Richard Dunks, founder of Datapolitan, in this 90-minute virtual training where we will discuss the features of a data-driven mindset and key elements of a data-driven culture in the public sector.",Richard Dunks,Problem Definition,,ca-ES; en-US; es-ES; eu-ES; fr-FR; it-IT; nl-BE,https://www.youtube.com/watch?v=_D2qL0P7rEg,54
innovateus-workshop-38,InnovateUS,workshop,Human-Centered Design for Public Servants,2023-02-21,https://innovate-us.org/human-centered-design-february-21,"Join Virginia Hamilton in this 90-minute virtual training on Human-Centered Design, participants will learn how to use design thinking for public problem-solving.",Virginia Hamilton,Problem Definition,,ca-ES; en-US; es-ES; eu-ES; fr-FR; it-IT; nl-BE,https://www.youtube.com/watch?v=ggwy4Qcu6vs,48
innovateus-workshop-37,InnovateUS,workshop,Defining Your Problem,2023-02-02,https://innovate-us.org/defining-your-problem-february-2,"Join us to hear from Beth Noveck, chief innovation officer for the State of New Jersey, where participants will learn how to narrow down tough problems through creating a hypothesis and defining the root causes.",Beth Simone Noveck,Problem Definition,,ca-ES; en-US; es-ES; eu-ES; fr-FR; it-IT; nl-BE,https://www.youtube.com/watch?v=Kdd80zrDyAk,57
innovateus-workshop-36,InnovateUS,workshop,Results Framework: Getting Important Work Done,2023-01-19,https://innovate-us.org/results-framework-getting-important-work-done,"Join us to hear from Steve Kadish, former chief of staff to Governor Charlie Baker, where participants will learn about the key concepts in the Results Framework, discuss examples of how it works in reality, learn key tips for successful results, and leave with a new framework and tools to tackle…",Steve Kadish,Implementation,,ca-ES; en-US; es-ES; eu-ES; fr-FR; it-IT; nl-BE,https://www.youtube.com/watch?v=VR7iLmnDAtE,59
innovateus-workshop-2,InnovateUS,workshop,Effective Measurement and Pilots,2022-10-20,https://innovate-us.org/effective-measurement-and-pilots-october-20,"Join us to hear from Carin Clary and Kate Lawyer, Director and Assistant Director at the Government Performance Lab at Harvard Kennedy School, to learn more about how to determine the right size of a pilot, and how to implement it.",Carin Clary; Kate Lawyer,Implementation,,ca-ES; en-US; es-ES; eu-ES; fr-FR; it-IT; nl-BE,https://www.youtube.com/watch?v=sGHAt9bXyI0,58
innovateus-workshop-35,InnovateUS,workshop,"Creating a Performance Context with Outcomes, Foresight, Planning, and Risk Management",2022-10-13,https://innovate-us.org/creating-a-performance-context-with-outcomes,"Join us to hear from John Kamensky, Senior Fellow, IBM Center for The Business of Government, on how to best work with, and across, each of these disciplines to help your decision-makers make informed decisions at different points in the policy cycle.",John Kamensky,Problem Definition,,ca-ES; en-US; es-ES; eu-ES; fr-FR; it-IT; nl-BE,https://www.youtube.com/watch?v=WbVZW-RKFHs,41
innovateus-workshop-34,InnovateUS,workshop,Hacking Bureaucracy,2022-10-06,https://innovate-us.org/hacking-bureaucracy-october-6,"Join us to hear from Marina Nitze, New Practice Lab fellow at New America, and Nick Sinai, adjunct lecturer in Public Policy at Harvard Kennedy School and a senior fellow at the Belfer Center, about how you can improve your organization through their own stories and those of fellow bureaucracy…",Marina Nitze; Nick Sinai,Implementation,,ca-ES; en-US; es-ES; eu-ES; fr-FR; it-IT; nl-BE,https://www.youtube.com/watch?v=o8_m4oJNWHc,55
innovateus-workshop-32,InnovateUS,workshop,Community Engagement - A Case Study and Conversation,2022-09-28,https://innovate-us.org/community-engagement-a-case-study-and-conversation-september-28,"Join us to hear from Allen Lomax, former Senior Analyst at the U.S. Government Accountability Office, who will lead the workshop to discuss the process, progress, and opportunities as it relates to Alexandria's Community Health Improvement Plan 2025.",Allen Lomax,Evaluation,,ca-ES; en-US; es-ES; eu-ES; fr-FR; it-IT; nl-BE,https://www.youtube.com/watch?v=vAKdtIBEVUk,37
innovateus-workshop-5,InnovateUS,workshop,Gaining Influence and Getting Buy-In for Innovation,2022-09-22,https://innovate-us.org/gaining-influnece-getting-buy-in-september-22,"Join us to hear from Gina Lucarelli, Team Leader at UNDP Accelerator Labs, who has successfully implemented a new way of working in her agency.",Gina Lucarelli,Innovation Mindset,,ca-ES; en-US; es-ES; eu-ES; fr-FR; it-IT; nl-BE,https://www.youtube.com/watch?v=FuEnjCZGTEI,56
innovateus-workshop-4,InnovateUS,workshop,Introduction to Agile Project Management,2022-09-15,https://innovate-us.org/agile-project-management-september-15,"Join us to hear from Sasha-Ann Thompson and Sheel Shah, Product Managers at 18F, about how agile management practices can be applied to implementing new projects and programs in government.",Sasha-Ann Thompson; Sheel Shah,Problem Definition,,ca-ES; en-US; es-ES; eu-ES; fr-FR; it-IT; nl-BE,https://www.youtube.com/watch?v=8ORKMROY8HI,51
innovateus-workshop-3,InnovateUS,workshop,Persuasive Memo Writing,2022-09-08,https://innovate-us.org/persuasive-memo-writing-september-8,"Join us to hear from Josh Schoop, Director of the Day One Project to learn how to persuade people at every step of the process of implementing your projects.",Joshua Schoop,Solution Identification,,ca-ES; en-US; es-ES; eu-ES; fr-FR; it-IT; nl-BE,https://www.youtube.com/watch?v=-3oZBQJSTZU,56
innovateus-workshop-1,InnovateUS,workshop,Powerful Partnerships,2022-08-11,https://innovate-us.org/powerful-partnerships-august-11,"Join us to hear from Neil Kleiman, Director of NYU Wagner Innovation Labs, about how collaboration between private, public, and non-profit sectors have the potential to accomplish far more than any organization from a single sector can do.",Neil Kleiman,Implementation,,ca-ES; en-US; es-ES; eu-ES; fr-FR; it-IT; nl-BE,https://www.youtube.com/watch?v=U1lh6HyfsIo,57
innovateus-workshop-33,InnovateUS,workshop,Behavioral Insights,2022-07-28,https://innovate-us.org/behavioral-insights-july28,"Join us to hear from Michael Kaemingk, principal advisor, local & state Government at BIT Americas, about behavioral science concepts and explore tools that can help you develop and test policies and services that encourage individuals to make better decisions.",Michael Kaemingk,Solution Identification,,ca-ES; en-US; es-ES; eu-ES; fr-FR; it-IT; nl-BE,https://www.youtube.com/watch?v=qQrWDdD2470,54
innovateus-workshop-8,InnovateUS,workshop,Behavioral Insights,2022-07-28,https://innovate-us.org/behavioral-insights-july-28,"Join us to hear from Michael Kaemingk, principal advisor, local & state Government at BIT Americas, about behavioral science concepts and explore tools that can help you develop and test policies and services that encourage individuals to make better decisions.",Michael Kaemingk,Solution Identification,,ca-ES; en-US; es-ES; eu-ES; fr-FR; it-IT; nl-BE,https://www.youtube.com/watch?v=qQrWDdD2470,54
innovateus-workshop-7,InnovateUS,workshop,Defining Problems with Data,2022-06-30,https://innovate-us.org/defining-problems-with-data-june-30,"Join us to hear from Eric Reese, former director at the GovEx academy, about how data can be used to help define and solve problems.",Eric Reese,Problem Definition,,ca-ES; en-US; es-ES; eu-ES; fr-FR; it-IT; nl-BE,https://www.youtube.com/watch?v=C5QyBfCZPp8,56
innovateus-workshop-6,InnovateUS,workshop,Human Centered Design: Interviewing and Journey Mapping,2022-06-16,https://innovate-us.org/defining-problems-with-people-june-16,"Join us to hear from Crystal Peñalosa, digital product lead at the New Jersey Office of Innovation, about how involving ""users"" can help you better understand the nuances of the problem you are trying to solve and place the customer experience at the center of your work.",Crystal Peñalosa,Problem Definition,,ca-ES; en-US; es-ES; eu-ES; fr-FR; nl-BE,,
innovateus-workshop-31,InnovateUS,workshop,Innovation 101,2022-05-19,https://innovate-us.org/innovation-101-may-19,"Join us to hear from Nick Scott, former director of Innovation Services at the Canada School for Public Service's Digital Academy, and explore the concept of innovation, reflect on examples and learn about how others in government have tapped the power of innovation to accelerate their work.",Nick Scott,Solution Identification,,ca-ES; en-US; es-ES; eu-ES; fr-FR; it-IT; nl-BE,https://www.youtube.com/watch?v=_GzpKEvWxaA,77
innovateus-workshop-30,InnovateUS,workshop,How to Create and Cultivate a Culture of Innovation,2022-05-05,https://innovate-us.org/how-to-create-and-cultivate-a-culture-of-innovation-may-5,"Join us to hear from Nigel Jacob, Emeritus Co-Founder of the Boston Mayor's Office of New Urban Mechanics, to cover a variety of compelling topics: managing risk, creating the team, and what counts as innovation.",Nigel Jacob,Solution Identification,,ca-ES; en-US; es-ES; eu-ES; fr-FR; it-IT; nl-BE,https://www.youtube.com/watch?v=ey8bxb-J-EU,47
innovateus-workshop-29,InnovateUS,workshop,Sustainable Neighborhoods Network,2022-04-26,https://innovate-us.org/sustainable-neighborhoods-network-april-26,"Join us to hear from Jonathan Wachtel, Sustainability Manager for the City of Lakewood, Colorado, and learn about his journey with the Sustainable Neighborhood Network and lead a discussion on how to mobilize communities in support of your projects in government.",Jonathan Wachtel,Solution Identification,,ca-ES; en-US; es-ES; eu-ES; fr-FR; it-IT; nl-BE,https://www.youtube.com/watch?v=JQD-ibaWeOs,48
innovateus-workshop-28,InnovateUS,workshop,Innovation 101,2022-04-21,https://innovate-us.org/innovation-101-april-21,"Join us to hear from Nick Scott, former director of Innovation Services at the Canada School for Public Service's Digital Academy, and explore the concept of innovation, reflect on examples and learn about how others in government have tapped the power of innovation to accelerate their work.",Nick Scott,Solution Identification,,ca-ES; en-US; es-ES; eu-ES; fr-FR; it-IT; nl-BE,https://www.youtube.com/watch?v=7l8HeneoMzQ,88
innovateus-workshop-27,InnovateUS,workshop,Behavioral Insights,2022-04-14,https://innovate-us.org/behavioral-insights-april-14,"Join us to hear from Lindsay Moore, Principal Advisor at BIT America, about behavioral science concepts and explore ways that these behavioral insights can help you develop and test policies and services that encourage individuals to make better decisions.",Lindsay Moore,Solution Identification,,ca-ES; en-US; es-ES; eu-ES; fr-FR; it-IT; nl-BE,https://www.youtube.com/watch?v=0ljinThRuVM,57
innovateus-workshop-26,InnovateUS,workshop,Problem Definition,2022-04-12,https://innovate-us.org/problem-definition-april-12,"Join us to hear from Beth Noveck, chief innovation officer for the State of New Jersey, about how clearly articulating the problems and root causes of projects that you work on can help you rethink how to address those projects.",Beth Simone Noveck,Problem Definition,,ca-ES; en-US; es-ES; eu-ES; fr-FR; it-IT; nl-BE,https://www.youtube.com/watch?v=IM8tcVeyHMA,59
innovateus-workshop-25,InnovateUS,workshop,Fast Field Scanning and Rapid Evidence Review,2022-03-24,https://innovate-us.org/fast-field-scanning-and-rapid-evidence-review-march-24,"Join us to hear from Peter Bragge, Senior Research Fellow at BehaviourWorks Australia, Monash Sustainability Institute, about how to find solutions that have been tried before, how to assess the success of those solutions, and better evaluate whether solutions that worked elsewhere may help you in…",Peter Bragge,Solution Identification,,ca-ES; en-US; es-ES; eu-ES; fr-FR; it-IT; nl-BE,https://www.youtube.com/watch?v=gYgEwJbD-Ao,47
innovateus-workshop-24,InnovateUS,workshop,All You Wanted to Know About Artificial Intelligence and Were Afraid to Ask,2022-03-22,https://innovate-us.org/all-you-wanted-to-know-about-artificial-intelligence-and-were-afraid-to-ask,"Join us to hear from Alexis Bonnell, Former Head of Innovation at USAID, where she helps demystify AI for ""curious"" public servants. She will share use cases, lessons learned, easy tools and answers your questions about how to navigate emerging technologies like AI for your mission.",Alexis Bonnell,Artificial Intelligence,,ca-ES; en-US; es-ES; eu-ES; fr-FR; it-IT; nl-BE,https://www.youtube.com/watch?v=xzKM1ibLeQU,61
innovateus-workshop-23,InnovateUS,workshop,Data in Government,2022-03-17,https://innovate-us.org/data-in-government-march-17,"Join us to hear from Afua Bruce, former chief program officer at DataKind, about how data can be used to help define and solve problems.",Afua Bruce,Implementation,,ca-ES; en-US; es-ES; eu-ES; fr-FR; it-IT; nl-BE,https://www.youtube.com/watch?v=0HglBhA1Ui8,59
innovateus-workshop-22,InnovateUS,workshop,Behavioral Insights,2022-03-10,https://innovate-us.org/behavioral-insights-march-10,"Join us to hear from Lindsay Moore, Principal Advisor at BIT America, about behavioral science concepts and explore ways that these behavioral insights can help you develop and test policies and services that encourage individuals to make better decisions.",Lindsay Moore,Solution Identification,,ca-ES; en-US; es-ES; eu-ES; fr-FR; it-IT; nl-BE,https://www.youtube.com/watch?v=bEe2KsIMNfE,64
innovateus-workshop-21,InnovateUS,workshop,Data Experience Diagnostic: Results > Measures,2022-03-08,https://innovate-us.org/data-experience-diagnostic-results-measures-march-8,"Join us to hear from Marc Hébert, UX/Service Design Manager of the San Francisco Human Services Agency, and learn how to diagnose your team's organizational data practices, prioritize what bite-sized changes to make first, and then develop practical next steps to integrate into your current process…",Marc Hébert,Evaluation,,ca-ES; en-US; es-ES; eu-ES; fr-FR; nl-BE,,
innovateus-workshop-20,InnovateUS,workshop,Defining Problems with People: Human-Centered Design,2022-02-24,https://innovate-us.org/defining-problems-with-people-human-centered-design-february-24,"Join us to hear from Emilia Ndely-Ogundipe, White House Presidential Innovation Fellow, to learn how involving ""users"" can help you better understand the nuances of the problem you are trying to solve and place the customer experience at the center of your work.",Emilia Ndely-Ogundipe,Implementation,,ca-ES; en-US; es-ES; eu-ES; fr-FR; it-IT; nl-BE,https://www.youtube.com/watch?v=SVABlOSCWZo,45
innovateus-workshop-19,InnovateUS,workshop,Group Facilitation and Conducting Workshops,2022-02-15,https://innovate-us.org/group-facilitation-and-conducting-workshops,"Join us to hear from Chaeny Emanavin, Innovation Director for the Center for Data Insights and Innovation at California Health and Human Services, to learn about methods to help find common ground and negotiate paths to agreement.",Chaeny Emanavin,Solution Identification,,ca-ES; en-US; es-ES; eu-ES; fr-FR; it-IT; nl-BE,https://www.youtube.com/watch?v=Ro5VE-9X2Ko,176
innovateus-workshop-18,InnovateUS,workshop,Data in Government,2022-02-10,https://innovate-us.org/data-in-government-february-10,"Join us to hear from Afua Bruce, former chief program officer at DataKind, about how data can be used to help define and solve problems.",Afua Bruce,Problem Definition,,ca-ES; en-US; es-ES; eu-ES; fr-FR; it-IT; nl-BE,https://www.youtube.com/watch?v=oltCyT1bdvg,47
innovateus-workshop-16,InnovateUS,workshop,Killer Memos: Effective Memo Writing,2022-02-08,https://innovate-us.org/killer-memos-effective-memo-writing-february-8,"Join us to hear from Josh Schoop, Director of the Day One Project to learn how to persuade people at every step of the process of implementing your projects.",Joshua Schoop,Solution Identification,,ca-ES; en-US; es-ES; eu-ES; fr-FR; it-IT; nl-BE,https://www.youtube.com/watch?v=Ayc-utZunHI,86
innovateus-workshop-15,InnovateUS,workshop,Equitable Public Engagement with Technology,2022-02-03,https://innovate-us.org/equitable-public-engagement-with-technology-february-3,"Join us to hear from Alexis Bonnell, former head of innovation at USAID, to understand why and when collective intelligence can be most helpful, learn about innovative engagement tools, and understand key considerations for collaborating in effective and equitable ways.",Beth Simone Noveck; Alexis Bonnell,Solution Identification,,ca-ES; en-US; es-ES; eu-ES; fr-FR; it-IT; nl-BE,https://www.youtube.com/watch?v=1XtvpCB8YxE,60
innovateus-workshop-14,InnovateUS,workshop,Human-Centered Design for Managers,2022-02-01,https://innovate-us.org/human-centered-design-for-managers-february-1,"Join us to hear from Chaney Emanavin, the Innovation Director for the Center for Data Insights and Innovation at California Health and Human Services, to learn how to manage your team's emerging use of human-centered design to deliver great products and services.",Beth Simone Noveck; Chaeny Emanavin,Problem Definition,,ca-ES; en-US; es-ES; eu-ES; fr-FR; it-IT; nl-BE,https://www.youtube.com/watch?v=GdOKiDXzCik,140
innovateus-workshop-13,InnovateUS,workshop,What now? How the role of Public Servant Leader is Evolving Post Covid and the Digital Revolution,2022-01-25,https://innovate-us.org/what-now-how-the-role-of-public-servant-leader,"Join us to hear from Alexis Bonnell, a long-time public servant, now the Emerging Technology Evangelist at Google for Public service, as she takes almost 2 years of helping Public Servant leaders evolve during COVID and shares what she has learned, the trends she is seeing, and how Public Service…",Alexis Bonnell,Implementation,,ca-ES; en-US; es-ES; eu-ES; fr-FR; it-IT; nl-BE,https://www.youtube.com/watch?v=3ej2Gi3dYsw,58
innovateus-workshop-12,InnovateUS,workshop,Killer Memos: Effective Memo Writing,2022-01-20,https://innovate-us.org/killer-memos-effective-memo-writing-january-20,"Join us to hear from Josh Schoop, Director of the Day One Project to learn how to persuade people at every step of the process of implementing your projects.",Joshua Schoop,Solution Identification,,ca-ES; en-US; es-ES; eu-ES; fr-FR; it-IT; nl-BE,https://www.youtube.com/watch?v=ztQn_C8F2Lc,71
innovateus-workshop-11,InnovateUS,workshop,Equitable Public Engagement with Technology,2021-12-21,https://innovate-us.org/equitable-public-engagement-with-technology-december-21,"Join us to hear from Beth Noveck, chief innovation officer for the State of New Jersey, and learn why and when collective intelligence can be most helpful, learn about innovative engagement tools, and understand key considerations for collaborating in effective and equitable ways.",Beth Simone Noveck,Solution Identification,,ca-ES; en-US; es-ES; eu-ES; fr-FR; it-IT; nl-BE,,
innovateus-workshop-10,InnovateUS,workshop,Problem Definition,2021-12-14,https://innovate-us.org/problem-definition-december-14,"Join us to hear from Beth Noveck, chief innovation officer for the State of New Jersey, about how clearly articulating the problems and root causes of projects that you work on can help you rethink how to address those projects.",Beth Simone Noveck,Solution Identification,,ca-ES; en-US; es-ES; eu-ES; fr-FR; it-IT; nl-BE,,
innovateus-workshop-9,InnovateUS,workshop,Killer Memos: Effective Memo Writing,2021-12-07,https://innovate-us.org/killer-memos-december-7,"Join us to hear from Joshua Schoop, director at the Day One Project, and cover strategies for persuasive memo writing in order to help you write the killer memo to advance your work, a current project or a new idea.",Joshua Schoop,Solution Identification,,ca-ES; en-US; es-ES; eu-ES; fr-FR; it-IT; nl-BE,https://www.youtube.com/watch?v=ztQn_C8F2Lc,71
innovateus-workshop-296,InnovateUS,workshop,Making Sense of AI for Public Transportation: A Practical Introduction for Transit Teams,,https://innovate-us.org/making-sense-of-ai-for-public-transportation-a-practical-introduction-for-transit-teams,This introductory session demystifies AI for transit professionals by focusing on what teams can actually do with emerging tools and how to evaluate where they add value.,,Artificial Intelligence,Making Sense of AI for Public Transportation: A Practical Introduction for Transit Teams,ca-ES; en-US; es-ES; eu-ES; fr-FR; it-IT; nl-BE,,
innovateus-workshop-297,InnovateUS,workshop,Strengthening Safety: How Transit Professionals Use AI-Enhanced Monitoring and Prevention,,https://innovate-us.org/strengthening-safety-how-transit-professionals-use-ai-enhanced-monitoring-and-prevention,"This session examines how safety professionals use AI-assisted systems to identify risks earlier, respond faster, and monitor conditions—while maintaining human oversight. Participants explore real-world applications, safeguards, and strategies for building public trust and protecting privacy.",,Artificial Intelligence,Strengthening Safety: How Transit Professionals Use AI-Enhanced Monitoring and Prevention,ca-ES; en-US; es-ES; eu-ES; fr-FR; it-IT; nl-BE,,
innovateus-workshop-298,InnovateUS,workshop,Enhancing Operations: Using AI-Assisted Forecasting and Optimization to Support Better Decisions,,https://innovate-us.org/enhancing-operations-using-ai-assisted-forecasting-and-optimization-to-support-better-decisions,"This workshop focuses on how operations staff use AI-generated insights to improve routing, scheduling, dispatching, and resource allocation. Participants examine how predictive tools can support on-time performance while ensuring safety, equity, and accountability remain central.",,Artificial Intelligence,Enhancing Operations: Using AI-Assisted Forecasting and Optimization to Support Better Decisions,ca-ES; en-US; es-ES; eu-ES; fr-FR; it-IT; nl-BE,,
innovateus-workshop-299,InnovateUS,workshop,"Planning Better Mobility: Using AI Insights to Support Equitable, Long-Term Transit Decisions",,https://innovate-us.org/planning-better-mobility-using-ai-insights-to-support-equitable-long-term-transit-decisions,"This session explores how planners can use AI-generated insights to analyze travel patterns, strengthen equity analyses, and support long-term mobility planning. Participants learn how to validate outputs with lived experience and integrate AI responsibly into planning processes.",,Artificial Intelligence,"Planning Better Mobility: Using AI Insights to Support Equitable, Long-Term Transit Decisions",ca-ES; en-US; es-ES; eu-ES; fr-FR; it-IT; nl-BE,,
innovateus-workshop-300,InnovateUS,workshop,Designing Rider Experience: Human-Led Service Improved Through AI-Supported Tools,,https://innovate-us.org/designing-rider-experience-human-led-service-improved-through-ai-supported-tools,"This workshop examines how transit teams use AI to enhance rider-facing services, including real-time information, multilingual communication, and accessible digital tools.",,Artificial Intelligence,Designing Rider Experience: Human-Led Service Improved Through AI-Supported Tools,ca-ES; en-US; es-ES; eu-ES; fr-FR; it-IT; nl-BE,,
innovateus-workshop-301,InnovateUS,workshop,Designing with People: Foundations of Human-Centered Design in the Public Sector,,https://innovate-us.org/designing-with-people-foundations-of-human-centered-design-in-the-public-sector,"This introductory session introduces the core principles of human-centered design and how they apply to public challenges. Participants will explore techniques for understanding user needs, framing problems clearly, and designing with—not for—the people affected by public services and policies",,Implementation,Designing with People: Foundations of Human-Centered Design in the Public Sector,ca-ES; en-US; es-ES; eu-ES; fr-FR; it-IT; nl-BE,,
innovateus-workshop-302,InnovateUS,workshop,From Insight to Action: Prototyping and Testing Public Solutions,,https://innovate-us.org/from-insight-to-action-prototyping-and-testing-public-solutions,"This workshop focuses on turning insights into action through rapid prototyping and testing. Participants will learn how to develop low-risk prototypes, gather meaningful feedback, and iterate solutions in ways that improve services while working within public sector constraints.",,Implementation, From Insight to Action: Prototyping and Testing Public Solutions,ca-ES; en-US; es-ES; eu-ES; fr-FR; it-IT; nl-BE,,
innovateus-workshop-303,InnovateUS,workshop,Designing with New Tools: Using AI to Support Human-Centered Service Design,,https://innovate-us.org/designing-with-new-tools-using-ai-to-support-human-centered-service-design,"This session explores how AI tools can support human-centered design work, from synthesizing research findings to generating design options and improving accessibility.",,Implementation,Designing with New Tools: Using AI to Support Human-Centered Service Design,ca-ES; en-US; es-ES; eu-ES; fr-FR; it-IT; nl-BE,,
innovateus-workshop-304,InnovateUS,workshop,Drafting and Reviewing RFPs: Using AI to Improve Clarity and Consistency,,https://innovate-us.org/drafting-and-reviewing-rfps-using-ai-to-improve-clarity-and-consistency,This session explores how AI can support the drafting and review of RFPs and other procurement documents.,,Artificial Intelligence,Drafting and Reviewing RFPs: Using AI to Improve Clarity and Consistency,ca-ES; en-US; es-ES; eu-ES; fr-FR; it-IT; nl-BE,,
innovateus-workshop-305,InnovateUS,workshop,Analyzing Bids and Promoting Fairness in Evaluation,,https://innovate-us.org/analyzing-bids-and-promoting-fairness-in-evaluation,"This workshop focuses on how AI can support bid analysis by helping teams organize submissions, identify patterns, and flag potential risks. Participants will explore how to use AI responsibly in evaluation processes, with attention to bias, transparency, documentation, and auditability.",,Artificial Intelligence,Analyzing Bids and Promoting Fairness in Evaluation,ca-ES; en-US; es-ES; eu-ES; fr-FR; it-IT; nl-BE,,
innovateus-workshop-306,InnovateUS,workshop,Monitoring Contracts: Using AI to Strengthen Oversight and Accountability,,https://innovate-us.org/monitoring-contracts-using-ai-to-strengthen-oversight-and-accountability,"This session examines how AI can support contract management after awards are made. Participants will explore how AI-assisted tools can help monitor performance, identify compliance issues, and support ongoing oversight—while reinforcing accountability, documentation, and public trust.",,Artificial Intelligence,Monitoring Contracts: Using AI to Strengthen Oversight and Accountability,ca-ES; en-US; es-ES; eu-ES; fr-FR; it-IT; nl-BE,,
innovateus-workshop-312,InnovateUS,workshop,Evaluating Accessibility at Scale: Using AI-Assisted Tools Responsibly,,https://innovate-us.org/evaluating-accessibility-at-scale-using-ai-assisted-tools-responsibly,This session introduces how AI-assisted tools can support accessibility evaluations across large digital ecosystems.,,Artificial Intelligence,Evaluating Accessibility at Scale: Using AI-Assisted Tools Responsibly,ca-ES; en-US; es-ES; eu-ES; fr-FR; it-IT; nl-BE,,
innovateus-workshop-313,InnovateUS,workshop,From Findings to Fixes: Improving Accessibility in Public Digital Services,,https://innovate-us.org/from-findings-to-fixes-improving-accessibility-in-public-digital-services,"This workshop focuses on turning accessibility insights into action. Participants will examine how AI-assisted tools can help prioritize issues, suggest remediations, and support content updates—while ensuring fixes are validated through human testing and inclusive design practices.",,Artificial Intelligence, From Findings to Fixes: Improving Accessibility in Public Digital Services,ca-ES; en-US; es-ES; eu-ES; fr-FR; it-IT; nl-BE,,
innovateus-workshop-314,InnovateUS,workshop,"Sustaining Accessibility: Governance, Accountability, and Continuous Improvement",,https://innovate-us.org/sustaining-accessibility-governance-accountability-and-continuous-improvement,This session explores how agencies can embed accessibility into ongoing digital operations.,,Artificial Intelligence,"Sustaining Accessibility: Governance, Accountability, and Continuous Improvement",ca-ES; en-US; es-ES; eu-ES; fr-FR; it-IT; nl-BE,,
innovateus-workshop-322,InnovateUS,workshop,"Equity, Access, and Public Trust: Designing Inclusive AI Literacy Policies",,https://innovate-us.org/equity-access-and-public-trust-designing-inclusive-ai-literacy-policies,"This workshop focuses on how policy decisions can either reduce or reinforce disparities in educational outcomes. Participants will explore strategies for ensuring equitable access, protecting student data, engaging communities, and building public trust in AI-supported educational initiatives.",,Literacy,"Equity, Access, and Public Trust: Designing Inclusive AI Literacy Policies",ca-ES; en-US; es-ES; eu-ES; fr-FR; nl-BE,,
innovateus-workshop-323,InnovateUS,workshop,From Pilots to Systems: Scaling AI for Literacy Through Policy and Funding,,https://innovate-us.org/from-pilots-to-systems-scaling-ai-for-literacy-through-policy-and-funding,"This session explores how districts, states, and systems move from pilot programs to sustained implementation. Participants will examine funding mechanisms, procurement strategies, and policy levers that enable scale while maintaining quality and equity.",,Literacy,From Pilots to Systems: Scaling AI for Literacy Through Policy and Funding,ca-ES; en-US; es-ES; eu-ES; fr-FR; nl-BE,,
innovateus-workshop-324,InnovateUS,workshop,"Evidence, Data, and Accountability: Evaluating AI-Supported Educational Interventions",,https://innovate-us.org/evidence-data-and-accountability-evaluating-ai-supported-educational-interventions,"This workshop focuses on how policymakers can assess whether AI-supported literacy initiatives are effective. Participants will examine evidence standards, evaluation frameworks, and data strategies that support informed decision-making and responsible public investment.",,Literacy," Evidence, Data, and Accountability: Evaluating AI-Supported Educational Interventions",ca-ES; en-US; es-ES; eu-ES; fr-FR; nl-BE,,
innovateus-workshop-325,InnovateUS,workshop,Governing AI for Education: Policy Choices That Shape Outcomes,,https://innovate-us.org/governing-ai-for-education-policy-choices-that-shape-outcomes,"This session examines the policy decisions that determine how AI is introduced into educational initiatives, including standards setting, accountability, data use, and oversight. Participants will explore how governance choices influence instructional coherence, equity, and long-term sustainability.",,Literacy,Governing AI for Education: Policy Choices That Shape Outcomes,ca-ES; en-US; es-ES; eu-ES; fr-FR; nl-BE,,
innovateus-workshop-326,InnovateUS,workshop,Preparing Public Data: AI-Assisted Cleaning and Organization,,https://innovate-us.org/preparing-public-data-ai-assisted-cleaning-and-organization,"This session focuses on the often time-consuming work of preparing public data for analysis. Participants will explore how AI-assisted tools can help identify inconsistencies, standardize formats, and document assumptions—while maintaining transparency and data integrity in public sector datasets.",,Artificial Intelligence,Preparing Public Data: AI-Assisted Cleaning and Organization,ca-ES; en-US; es-ES; eu-ES; fr-FR; it-IT; nl-BE,,
innovateus-workshop-328,InnovateUS,workshop,Telling the Story: AI-Assisted Data Visualization for Public Audiences,,https://innovate-us.org/telling-the-story-ai-assisted-data-visualization-for-public-audiences,"This session focuses on translating analysis into clear, accessible visualizations.",,Artificial Intelligence,Telling the Story: AI-Assisted Data Visualization for Public Audiences,ca-ES; en-US; es-ES; eu-ES; fr-FR; it-IT; nl-BE,,
innovateus-course-1,InnovateUS,course,The Innovation Skills Accelerator.,,https://innovate-us.org/course/innovation-skills-accelerator,"Based on research with thousands of public servants across three continents, our problem-solving curriculum gives you the digital, data and innovation skills to deliver more effective, equitable and engaged policies and services.",,,,ca-ES; en-US; es-ES; eu-ES; fr-FR; nl-BE,,
innovateus-course-10,InnovateUS,course,AI for Public Sector Procurement,,https://innovate-us.org/course/ai-for-public-sector-procurement,"Developed in collaboration with Partners for Public Good with support from the National Association for State Procurement Officials, this course will equip procurement and other public sector professionals with the skills to use Generative AI to improve competitiveness, effectiveness and efficiency…",,,,ca-ES; en-US; es-ES; eu-ES; fr-FR; nl-BE,,
innovateus-course-2,InnovateUS,course,Human-Centered Design,,https://innovate-us.org/course/human-centered-design,"Designed by Virginia Hamilton, this course gives participants a substantive overview of the human-centered design framework and offers opportunities to practice applying concepts from the course to your work.",,,,ca-ES; en-US; es-ES; eu-ES; fr-FR; nl-BE,,
innovateus-course-3,InnovateUS,course,What Works: Fast Field Scanning with AI,,https://innovate-us.org/course/what-works-fast-field-scanning-with-ai,This course is designed to help public professionals accelerate the process of finding and implementing urgently-needed evidence-based solutions to public problems. This course is brought to you in partnership with Results for America and Solutions Journalism Network.,,,,ca-ES; en-US; es-ES; eu-ES; fr-FR; nl-BE,,
innovateus-course-43,InnovateUS,course,Practical Strategies for Public Participation,,https://innovate-us.org/course/democratic-engagement-for-ai-era,,,,,ca-ES; en-US; es-ES; eu-ES; fr-FR; it-IT; nl-BE,,
innovateus-course-44,InnovateUS,course,Driving Innovation in Government: From Ideas to Scaled Impact,,https://innovate-us.org/course/driving-innovation-in-government,"In this course, Professor Anita McGahan equips public professionals with practical strategies to design, test, and scale innovations—leveraging AI and new technologies and private sector collaboration to improve the public good.",,,,ca-ES; en-US; es-ES; fr-FR; nl-BE,,
innovateus-course-5,InnovateUS,course,Building AI That Works: Implementation Strategies for Public Service,,https://innovate-us.org/course/building-ai-that-works-implementation-strategies-for-public-service,"This course is designed for decision makers, organization leaders, and those interested in helping their teams responsibly adopt AI, select and prioritize AI projects. This course was formerly titled ""Responsible AI for Public Professionals: Scaling AI in Your Organization.""",,,,ca-ES; en-US; es-ES; eu-ES; fr-FR; nl-BE,,
innovateus-course-6,InnovateUS,course,Open Justice,,https://innovate-us.org/course/open-justice,"Open justice is a growing movement to use new technologies, including big data, digital platforms, blockchain and more, to improve our legal system by making the workings of our legal institutions easier to understand, scrutinize and, we hope, improve.",,,,ca-ES; en-US; es-ES; eu-ES; fr-FR; nl-BE,,
